,Month,Temperature (F),Humitdity (%),Snowfall Depth (in),Wind Speed (MPH),Precipitation (in),Max Temperature (F),Max Wind Speed (MPH)
0,2020-02,30.2,44.1,0.0,11.0,0.0,34.6,16.4
1,2020-03,34.1,47.2,0.0,7.3,0.0,43.7,13.3
2,2020-03,47.8,56.0,0.0,6.7,0.0,57.5,10.0
3,2020-03,52.0,79.9,0.0,6.2,0.23,57.5,11.9
4,2020-03,49.9,50.3,0.0,12.4,0.0,56.4,17.9
5,2020-03,44.5,53.2,0.0,7.2,0.0,52.3,12.3
6,2020-03,40.2,83.7,0.0,7.0,0.24,44.2,11.0
7,2020-03,40.4,47.8,0.0,10.2,0.0,47.3,15.1
8,2020-03,47.1,32.7,0.0,6.6,0.0,59.7,10.0
9,2020-03,57.6,32.6,0.0,7.2,0.0,72.0,11.5
10,2020-03,59.4,56.2,0.0,8.9,0.0,65.1,14.6
11,2020-03,50.0,47.2,0.0,4.9,0.0,56.0,12.6
12,2020-03,45.5,72.6,0.0,5.9,0.02,48.9,9.0
13,2020-03,56.1,64.7,0.0,10.8,0.21,69.9,17.7
14,2020-03,48.1,39.2,0.0,9.1,0.0,55.5,12.7
15,2020-03,46.1,39.4,0.0,6.1,0.0,53.4,8.8
16,2020-03,38.8,54.8,0.0,7.9,0.0,43.8,10.3
17,2020-03,47.3,76.3,0.0,5.5,0.23,54.2,9.9
18,2020-03,46.4,53.2,0.0,5.4,0.01,52.4,8.5
19,2020-03,46.8,86.2,0.0,5.6,0.67,51.7,10.4
20,2020-03,59.6,75.5,0.0,6.4,0.0,75.8,12.1
21,2020-03,46.7,42.9,0.0,9.1,0.0,59.0,14.1
22,2020-03,37.4,48.3,0.0,8.1,0.0,43.1,10.9
23,2020-03,37.6,85.9,0.1,9.9,0.86,40.6,12.7
24,2020-03,44.8,67.9,0.0,6.1,0.0,53.9,10.2
25,2020-03,42.2,76.2,0.0,8.8,0.01,44.7,14.7
26,2020-03,46.5,66.7,0.0,5.3,0.0,58.0,9.8
27,2020-03,57.6,49.2,0.0,5.1,0.0,67.4,9.8
28,2020-03,47.1,72.2,0.0,7.1,0.34,51.6,10.5
29,2020-03,45.2,96.0,0.0,10.2,0.01,47.0,14.3
30,2020-03,46.4,87.2,0.0,4.1,0.06,50.0,6.4
31,2020-03,43.4,79.2,0.0,5.4,0.03,47.3,8.2
32,2020-03,43.4,79.2,0.0,5.4,0.03,47.3,8.2
33,2020-04,46.2,55.0,0.0,8.2,0.0,54.2,11.6
34,2020-04,48.6,49.0,0.0,13.1,0.0,57.4,17.6
35,2020-04,49.3,72.2,0.0,11.8,0.08,51.9,15.5
36,2020-04,51.1,73.3,0.0,5.3,0.0,60.2,8.9
37,2020-04,52.9,76.1,0.0,3.1,0.0,62.8,7.6
38,2020-04,56.5,47.3,0.0,5.9,0.07,66.4,10.6
39,2020-04,57.0,42.2,0.0,5.4,0.0,65.1,12.5
40,2020-04,55.9,75.3,0.0,5.3,0.19,64.1,8.3
41,2020-04,50.4,69.4,0.0,9.2,0.1,58.4,21.3
42,2020-04,43.2,56.1,0.0,14.0,0.01,47.3,21.2
43,2020-04,46.5,38.1,0.0,9.2,0.0,54.5,13.7
44,2020-04,52.8,56.5,0.0,6.2,0.0,62.0,11.7
45,2020-04,58.8,84.9,0.0,13.6,1.45,66.4,23.3
46,2020-04,51.8,47.3,0.0,8.0,0.0,58.5,12.6
47,2020-04,47.2,41.9,0.0,8.2,0.0,52.5,11.4
48,2020-04,43.6,44.8,0.0,10.9,0.0,47.8,16.1
49,2020-04,42.7,55.2,0.0,6.7,0.08,50.0,11.4
50,2020-04,43.4,78.8,0.0,6.7,0.22,46.0,10.9
51,2020-04,51.5,48.0,0.0,9.1,0.0,61.3,14.4
52,2020-04,51.4,49.0,0.0,5.6,0.0,55.1,9.6
53,2020-04,48.5,69.6,0.0,9.7,0.15,58.6,17.9
54,2020-04,43.2,34.8,0.0,10.8,0.0,51.2,16.3
55,2020-04,44.3,48.2,0.0,4.0,0.14,50.7,7.5
56,2020-04,46.2,92.0,0.0,6.9,0.43,49.4,11.0
57,2020-04,52.5,63.4,0.0,4.3,0.0,62.9,11.6
58,2020-04,46.8,84.0,0.0,10.0,0.15,49.6,17.4
59,2020-04,44.2,77.0,0.0,9.6,0.0,49.2,13.4
60,2020-04,52.5,56.7,0.0,5.5,0.0,66.0,9.0
61,2020-04,50.6,78.1,0.0,8.9,0.01,56.2,12.3
62,2020-04,55.0,90.8,0.0,13.4,0.49,60.0,24.0
63,2020-04,55.0,90.8,0.0,13.4,0.49,60.0,24.0
64,2020-05,59.0,81.2,0.0,5.6,0.15,65.4,12.1
65,2020-05,64.1,40.2,0.0,9.1,0.0,73.9,14.3
66,2020-05,68.8,54.3,0.0,7.0,0.07,80.9,10.6
67,2020-05,61.8,45.3,0.0,10.2,0.0,71.9,20.5
68,2020-05,54.1,37.1,0.0,6.6,0.0,63.4,10.6
69,2020-05,48.8,72.5,0.0,6.5,0.12,51.0,10.7
70,2020-05,57.3,41.8,0.0,8.4,0.0,66.7,12.6
71,2020-05,47.5,64.7,0.0,5.4,0.42,53.6,16.4
72,2020-05,40.3,51.8,0.0,13.7,0.02,46.5,18.7
73,2020-05,52.5,38.7,0.0,11.1,0.0,63.7,15.9
74,2020-05,51.7,65.8,0.0,7.9,0.06,59.5,15.5
75,2020-05,51.4,40.8,0.0,11.0,0.0,59.6,16.1
76,2020-05,52.3,41.3,0.0,6.2,0.0,63.5,11.4
77,2020-05,57.9,50.1,0.0,5.0,0.0,64.3,9.8
78,2020-05,72.8,63.3,0.0,7.2,0.07,85.3,12.4
79,2020-05,69.4,56.9,0.0,6.8,0.0,77.4,11.2
80,2020-05,59.8,61.5,0.0,6.7,0.0,67.0,11.1
81,2020-05,60.8,62.8,0.0,7.4,0.0,68.9,11.9
82,2020-05,59.4,46.2,0.0,10.7,0.0,66.6,19.2
83,2020-05,55.8,49.7,0.0,7.9,0.0,64.4,13.3
84,2020-05,56.2,68.9,0.0,4.8,0.0,65.5,9.9
85,2020-05,64.8,76.9,0.0,4.3,0.04,75.3,10.0
86,2020-05,61.4,88.1,0.0,6.7,0.64,68.0,15.6
87,2020-05,59.3,69.4,0.0,6.8,0.0,67.9,10.5
88,2020-05,62.0,81.5,0.0,4.9,0.0,70.8,7.6
89,2020-05,65.6,80.5,0.0,4.7,0.0,75.7,9.1
90,2020-05,66.7,82.4,0.0,5.1,0.0,77.6,9.4
91,2020-05,68.9,88.2,0.0,7.0,0.0,76.1,11.8
92,2020-05,72.8,82.2,0.0,6.7,0.13,81.1,11.6
93,2020-05,73.9,56.1,0.0,7.6,0.04,82.3,11.4
94,2020-05,62.9,40.3,0.0,10.5,0.0,69.9,14.8
95,2020-05,62.9,40.3,0.0,10.5,0.0,69.9,14.8
96,2020-06,61.6,42.7,0.0,6.4,0.0,70.8,11.4
97,2020-06,66.6,49.1,0.0,5.8,0.01,73.6,10.6
98,2020-06,71.5,75.1,0.0,6.1,0.49,81.5,10.8
99,2020-06,76.3,64.2,0.0,5.1,0.09,86.2,9.4
100,2020-06,72.8,86.9,0.0,4.4,0.38,79.9,7.0
101,2020-06,77.7,63.2,0.0,5.9,0.09,88.0,11.9
102,2020-06,70.4,45.6,0.0,8.4,0.0,77.2,13.9
103,2020-06,70.5,45.8,0.0,4.8,0.0,80.5,8.6
104,2020-06,78.5,48.0,0.0,5.9,0.01,89.2,11.2
105,2020-06,76.1,68.2,0.0,7.5,0.0,82.7,12.5
106,2020-06,74.6,83.8,0.0,6.9,0.08,82.5,10.8
107,2020-06,77.8,47.8,0.0,6.3,0.01,85.8,9.8
108,2020-06,67.3,42.6,0.0,7.8,0.0,74.8,11.1
109,2020-06,64.0,51.7,0.0,4.8,0.0,73.4,8.8
110,2020-06,66.3,59.2,0.0,5.8,0.0,74.9,9.8
111,2020-06,68.5,57.8,0.0,5.8,0.0,76.9,11.2
112,2020-06,68.9,70.9,0.0,6.4,0.0,77.2,11.2
113,2020-06,70.3,84.1,0.0,4.8,0.0,76.0,7.4
114,2020-06,73.7,74.3,0.0,5.1,0.0,81.6,10.7
115,2020-06,76.4,69.8,0.0,4.3,0.01,84.8,11.0
116,2020-06,77.4,68.9,0.0,4.8,0.0,85.3,9.0
117,2020-06,80.8,63.7,0.0,5.5,0.0,89.4,11.2
118,2020-06,78.6,71.1,0.0,6.3,0.0,85.1,10.7
119,2020-06,79.9,55.5,0.0,7.3,0.0,86.2,11.8
120,2020-06,77.5,49.8,0.0,5.0,0.0,85.7,10.8
121,2020-06,78.6,50.7,0.0,5.2,0.0,86.6,11.1
122,2020-06,75.9,71.7,0.0,4.3,0.11,80.5,11.1
123,2020-06,78.8,72.7,0.0,4.3,0.39,89.2,12.8
124,2020-06,76.4,70.1,0.0,5.8,0.07,86.4,11.6
125,2020-06,72.4,76.3,0.0,3.7,0.07,77.8,6.9
126,2020-06,72.4,76.3,0.0,3.7,0.07,77.8,6.9
127,2020-07,72.9,78.6,0.0,3.4,0.43,79.5,7.0
128,2020-07,80.7,60.6,0.0,3.7,0.0,91.6,8.6
129,2020-07,80.5,66.8,0.0,4.1,0.6,91.7,9.4
130,2020-07,76.2,72.2,0.0,5.1,0.0,87.4,8.1
131,2020-07,81.9,61.4,0.0,3.8,0.0,92.8,8.0
132,2020-07,79.7,66.6,0.0,4.1,0.89,93.5,11.3
133,2020-07,76.5,79.2,0.0,7.1,0.0,81.5,13.0
134,2020-07,79.0,79.7,0.0,4.6,0.51,85.6,9.8
135,2020-07,80.3,74.6,0.0,4.5,0.0,88.2,9.3
136,2020-07,74.8,92.6,0.0,9.4,1.81,76.7,16.1
137,2020-07,78.2,83.9,0.0,6.4,0.58,84.5,11.9
138,2020-07,81.1,59.5,0.0,7.3,0.01,90.3,10.4
139,2020-07,80.4,59.3,0.0,5.7,0.04,88.0,10.4
140,2020-07,78.5,57.4,0.0,6.1,0.0,85.8,9.2
141,2020-07,74.7,72.7,0.0,5.8,0.0,79.6,9.3
142,2020-07,72.7,68.5,0.0,6.6,0.0,76.9,10.4
143,2020-07,76.7,79.0,0.0,4.1,0.03,85.6,6.1
144,2020-07,82.5,61.7,0.0,3.3,0.0,93.3,6.4
145,2020-07,85.5,61.9,0.0,6.6,0.01,94.4,11.8
146,2020-07,87.6,58.9,0.0,5.9,0.0,94.5,11.1
147,2020-07,84.3,55.5,0.0,4.6,0.01,91.5,9.6
148,2020-07,81.3,76.6,0.0,4.4,0.85,92.0,11.9
149,2020-07,80.1,79.9,0.0,5.4,0.02,87.4,8.6
150,2020-07,76.5,83.9,0.0,3.6,0.15,79.8,11.7
151,2020-07,81.0,72.8,0.0,3.9,0.0,88.3,8.3
152,2019-04,53.6,85.5,0,3.2,0.03,60.8,8.1
153,2019-05,52.4,81.0,0,5.0,0.0,54.9,8.1
154,2019-05,58.5,82.7,0,4.6,0.14,75.5,11.1
155,2019-05,52.7,91.4,0,3.8,0.06,55.6,5.9
156,2019-05,59.5,88.5,0,2.8,0.1,69.8,6.3
157,2019-05,53.3,96.2,0,8.1,1.14,57.0,11.7
158,2019-05,58.9,71.4,0,5.2,0.0,70.1,8.7
159,2019-05,60.8,74.8,0,5.4,0.13,68.8,9.7
160,2019-05,60.8,68.4,0,5.3,0.0,69.6,9.9
161,2019-05,55.5,68.4,0,8.1,0.0,59.4,11.5
162,2019-05,64.8,81.2,0,6.0,0.03,74.3,8.3
163,2019-05,62.5,58.4,0,6.5,0.07,70.2,10.3
164,2019-05,47.0,94.1,0,10.3,1.11,56.2,14.7
165,2019-05,45.8,94.1,0,6.7,0.64,47.9,10.9
166,2019-05,47.5,90.1,0,3.8,0.29,50.9,6.5
167,2019-05,57.9,63.4,0,6.4,0.02,69.4,10.8
168,2019-05,63.7,58.7,0,4.9,0.08,73.1,9.8
169,2019-05,69.3,63.2,0,5.9,0.09,78.1,9.9
170,2019-05,64.4,51.4,0,5.7,0.0,75.4,9.9
171,2019-05,68.6,74.9,0,6.8,0.09,76.8,12.5
172,2019-05,77.2,60.6,0,9.3,0.03,87.9,14.7
173,2019-05,64.1,40.9,0,12.1,0.0,72.2,16.2
174,2019-05,66.3,37.9,0,5.8,0.0,75.7,9.1
175,2019-05,65.0,75.1,0,6.3,0.5,73.2,10.5
176,2019-05,68.9,58.1,0,12.1,0.0,74.1,18.3
177,2019-05,62.8,66.4,0,7.7,0.0,70.2,12.9
178,2019-05,74.0,68.4,0,6.6,0.15,89.2,13.0
179,2019-05,73.6,50.1,0,5.6,0.0,81.1,10.2
180,2019-05,67.1,78.9,0,5.4,0.4,70.7,10.5
181,2019-05,62.5,87.0,0,5.3,0.45,68.8,9.5
182,2019-05,61.6,92.4,0,3.7,0.77,67.6,7.7
183,2019-05,72.7,67.6,0,4.9,0.0,81.9,8.5
184,2019-05,72.7,67.6,0,4.9,0.0,81.9,8.5
185,2019-06,70.7,65.8,0,4.4,0.0,80.6,9.8
186,2019-06,72.0,68.3,0,5.5,0.36,83.0,12.5
187,2019-06,64.4,46.2,0,7.9,0.0,71.4,16.2
188,2019-06,64.2,45.2,0,6.4,0.0,71.5,10.4
189,2019-06,72.5,67.5,0,7.1,0.01,81.9,10.3
190,2019-06,77.1,66.0,0,6.7,0.09,83.7,11.5
191,2019-06,71.8,68.7,0,4.3,0.0,80.6,8.0
192,2019-06,71.2,54.0,0,6.6,0.0,80.5,12.5
193,2019-06,68.1,52.2,0,7.2,0.0,76.4,11.2
194,2019-06,64.2,91.2,0,6.5,0.5,68.8,10.4
195,2019-06,70.3,61.4,0,9.5,0.26,77.8,16.0
196,2019-06,66.9,54.5,0,6.2,0.0,74.2,11.8
197,2019-06,62.1,81.0,0,7.1,0.56,64.9,15.6
198,2019-06,66.8,59.7,0,8.8,0.0,75.3,13.9
199,2019-06,73.0,48.3,0,7.9,0.0,82.4,14.2
200,2019-06,74.4,71.9,0,5.9,0.05,81.7,9.4
201,2019-06,72.8,79.1,0,3.2,0.0,76.6,6.2
202,2019-06,70.3,92.8,0,3.6,0.92,74.3,7.0
203,2019-06,68.2,93.2,0,4.5,0.08,71.0,6.4
204,2019-06,71.1,93.2,0,4.4,0.53,78.1,7.8
205,2019-06,71.3,70.2,0,7.9,0.7,79.2,13.4
206,2019-06,72.8,47.8,0,8.5,0.0,81.7,13.5
207,2019-06,76.1,45.7,0,6.9,0.0,85.7,11.1
208,2019-06,77.4,55.3,0,4.2,0.0,86.7,9.0
209,2019-06,77.3,79.4,0,3.5,0.59,86.6,6.4
210,2019-06,81.3,57.2,0,4.8,0.0,90.6,7.3
211,2019-06,83.2,47.1,0,4.7,0.0,91.0,8.8
212,2019-06,82.4,49.1,0,3.9,0.0,91.3,9.5
213,2019-06,80.4,66.4,0,6.1,0.24,93.5,11.3
214,2019-06,76.9,58.7,0,9.4,0.0,85.6,17.5
215,2019-06,76.9,58.7,0,9.4,0.0,85.6,17.5
216,2019-07,76.9,52.2,0,5.5,0.0,86.5,7.3
217,2019-07,80.4,58.9,0,4.3,0.02,88.6,7.1
218,2019-07,81.0,65.9,0,2.8,0.01,87.0,5.5
219,2019-07,81.1,64.6,0,4.5,0.0,90.6,9.9
220,2019-07,78.5,79.1,0,4.9,0.0,84.0,9.2
221,2019-07,81.0,77.8,0,5.6,0.2,89.2,11.5
222,2019-07,77.7,71.7,0,6.1,0.0,84.2,10.5
223,2019-07,73.9,70.1,0,3.0,0.07,79.6,5.5
224,2019-07,79.8,59.3,0,3.8,0.0,89.4,6.7
225,2019-07,81.5,62.2,0,4.3,0.0,89.2,9.0
226,2019-07,77.4,76.1,0,6.0,1.14,84.8,11.7
227,2019-07,79.7,67.3,0,6.9,0.0,89.3,12.4
228,2019-07,79.9,59.7,0,5.8,0.0,87.8,8.6
229,2019-07,82.8,50.7,0,7.4,0.0,90.5,12.8
230,2019-07,79.3,51.0,0,4.1,0.0,87.9,6.6
231,2019-07,82.7,57.1,0,5.4,0.0,92.1,9.8
232,2019-07,84.0,70.3,0,5.9,0.92,93.9,11.8
233,2019-07,75.0,91.5,0,5.1,0.39,79.0,10.4
234,2019-07,83.2,74.0,0,5.6,0.0,94.1,10.2
235,2019-07,91.1,58.9,0,6.7,0.0,99.0,11.8
236,2019-07,90.1,59.5,0,7.2,0.02,98.9,11.5
237,2019-07,80.3,76.8,0,4.9,1.37,88.9,12.2
238,2019-07,70.9,85.3,0,5.7,0.73,74.5,11.1
239,2019-07,75.7,66.9,0,4.1,0.01,83.8,7.0
240,2019-07,77.5,57.0,0,4.1,0.0,85.4,7.8
241,2019-07,79.0,57.0,0,3.7,0.01,87.5,8.1
242,2019-07,79.1,61.9,0,5.3,0.0,86.3,11.1
243,2019-07,82.7,58.6,0,7.2,0.02,91.9,12.0
244,2019-07,84.3,58.9,0,5.3,0.0,92.7,10.2
245,2019-07,85.2,61.4,0,6.1,0.02,93.2,11.0
246,2019-07,77.8,74.3,0,3.2,0.87,88.3,8.7
247,2019-07,77.8,74.3,0,3.2,0.87,88.3,8.7
248,2019-08,79.3,60.9,0,3.1,0.01,87.5,6.1
249,2019-08,78.6,62.8,0,4.8,0.01,85.1,9.9
250,2019-08,78.5,72.1,0,5.3,0.43,85.8,11.0
251,2019-08,78.6,68.2,0,3.8,0.19,89.0,8.1
252,2019-08,76.0,63.4,0,4.9,0.0,82.8,8.2
253,2019-08,75.9,80.2,0,4.7,0.06,81.0,9.8
254,2019-08,75.0,85.8,0,6.4,1.12,84.5,13.2
255,2019-08,75.9,75.5,0,6.2,0.08,86.7,14.0
256,2019-08,75.8,62.5,0,4.9,0.04,84.0,9.6
257,2019-08,74.2,50.6,0,7.8,0.0,81.9,14.5
258,2019-08,73.4,53.4,0,4.7,0.0,81.2,8.4
259,2019-08,78.0,54.3,0,5.5,0.0,87.1,10.9
260,2019-08,76.4,78.9,0,4.3,0.05,79.6,7.4
261,2019-08,75.8,83.1,0,3.9,0.79,80.5,7.7
262,2019-08,75.4,74.7,0,5.8,0.0,82.3,10.4
263,2019-08,74.7,78.6,0,4.3,0.0,81.2,8.0
264,2019-08,78.4,81.6,0,4.8,0.0,86.2,9.2
265,2019-08,80.1,77.6,0,4.4,0.68,90.0,10.1
266,2019-08,80.0,75.5,0,4.6,0.0,90.8,10.0
267,2019-08,80.5,66.2,0,4.7,0.0,87.2,10.2
268,2019-08,80.2,78.2,0,5.5,0.17,88.5,14.1
269,2019-08,80.4,72.8,0,5.6,0.78,91.0,11.7
270,2019-08,70.3,76.7,0,3.9,0.12,74.8,6.8
271,2019-08,69.5,58.6,0,5.8,0.0,75.4,8.8
272,2019-08,68.8,67.0,0,8.8,0.0,75.1,13.5
273,2019-08,66.3,69.4,0,6.1,0.0,72.8,9.5
274,2019-08,67.9,73.6,0,4.0,0.0,74.1,7.6
275,2019-08,70.7,89.2,0,4.2,0.05,72.9,8.1
276,2019-08,73.8,59.7,0,7.3,0.0,82.7,12.5
277,2019-08,77.3,57.8,0,6.4,0.0,87.9,11.5
278,2019-08,74.5,54.4,0,5.1,0.0,81.4,8.1
279,2019-08,74.5,54.4,0,5.1,0.0,81.4,8.1
280,2019-09,70.4,66.8,0,6.0,0.0,76.6,9.5
281,2019-09,72.0,85.2,0,4.9,0.52,75.5,9.4
282,2019-09,74.0,66.5,0,4.6,0.0,82.5,8.5
283,2019-09,77.3,71.9,0,6.3,0.01,87.8,10.3
284,2019-09,69.1,64.0,0,4.5,0.0,73.9,8.4
285,2019-09,63.1,81.7,0,8.8,0.22,66.3,13.0
286,2019-09,66.5,66.9,0,7.0,0.0,75.8,11.0
287,2019-09,70.1,65.8,0,3.6,0.0,77.2,6.2
288,2019-09,70.2,70.1,0,5.2,0.0,76.2,8.7
289,2019-09,71.2,82.8,0,4.9,0.01,76.7,8.8
290,2019-09,78.7,73.1,0,6.7,0.0,89.5,10.1
291,2019-09,72.8,82.2,0,6.9,0.03,80.1,10.8
292,2019-09,63.8,68.5,0,7.1,0.0,70.0,11.0
293,2019-09,69.9,77.7,0,5.3,0.0,73.5,10.7
294,2019-09,74.6,65.1,0,3.4,0.0,83.6,7.4
295,2019-09,71.8,72.1,0,2.8,0.0,76.2,5.6
296,2019-09,68.3,51.6,0,5.4,0.0,76.3,10.8
297,2019-09,62.2,66.0,0,6.1,0.0,67.4,9.9
298,2019-09,60.3,57.5,0,2.9,0.0,70.2,4.9
299,2019-09,66.8,55.6,0,4.4,0.0,78.7,7.5
300,2019-09,71.6,59.1,0,2.2,0.0,84.3,5.4
301,2019-09,75.0,66.7,0,4.7,0.0,85.5,9.3
302,2019-09,78.9,67.1,0,6.3,0.08,88.9,10.6
303,2019-09,69.7,59.7,0,7.1,0.0,76.0,12.0
304,2019-09,68.3,60.7,0,3.6,0.0,78.3,6.3
305,2019-09,68.1,76.6,0,5.0,0.03,81.0,13.5
306,2019-09,66.2,66.5,0,3.8,0.0,75.2,8.2
307,2019-09,72.4,76.8,0,4.8,0.0,81.1,9.7
308,2019-09,71.9,59.9,0,6.3,0.0,78.3,11.0
309,2019-09,64.1,66.2,0,5.7,0.0,69.4,8.5
310,2019-09,64.1,66.2,0,5.7,0.0,69.4,8.5
311,2019-10,72.0,71.0,0,6.2,0.0,82.3,9.2
312,2019-10,77.5,72.7,0,7.3,0.27,93.2,13.7
313,2019-10,55.9,95.0,0,6.6,0.37,60.7,10.4
314,2019-10,57.8,71.0,0,8.7,0.0,64.1,16.5
315,2019-10,52.4,60.8,0,5.0,0.0,59.0,7.5
316,2019-10,64.9,76.5,0,5.8,0.0,69.8,11.2
317,2019-10,69.7,76.7,0,7.6,0.25,79.0,12.0
318,2019-10,59.6,76.0,0,7.1,0.03,62.3,9.3
319,2019-10,54.7,80.7,0,9.3,0.26,57.9,12.7
320,2019-10,60.3,52.9,0,9.4,0.0,70.7,13.0
321,2019-10,58.2,59.1,0,8.7,0.0,63.3,14.4
322,2019-10,60.0,70.1,0,3.9,0.0,67.8,6.2
323,2019-10,59.0,70.0,0,3.1,0.0,66.4,4.9
324,2019-10,63.4,63.1,0,4.8,0.0,73.0,10.4
325,2019-10,56.7,60.6,0,3.1,0.0,64.5,5.5
326,2019-10,58.6,85.6,0,9.8,1.37,65.1,21.8
327,2019-10,53.9,63.8,0,15.3,0.0,57.1,20.9
328,2019-10,51.8,63.4,0,10.5,0.0,57.9,14.1
329,2019-10,51.2,63.6,0,3.0,0.0,61.9,6.3
330,2019-10,52.2,87.7,0,4.0,0.39,58.0,7.4
331,2019-10,57.5,72.1,0,5.2,0.0,67.9,8.4
332,2019-10,58.1,88.7,0,6.3,0.28,63.6,9.9
333,2019-10,59.9,59.6,0,7.4,0.02,66.7,12.9
334,2019-10,57.0,52.6,0,4.7,0.0,67.6,9.0
335,2019-10,57.4,73.9,0,3.5,0.0,65.4,7.3
336,2019-10,57.8,64.0,0,4.1,0.01,63.2,8.3
337,2019-10,59.7,90.7,0,7.1,0.97,67.0,14.7
338,2019-10,58.3,77.2,0,4.5,0.0,62.3,7.1
339,2019-10,57.1,93.4,0,4.4,0.07,59.0,6.0
340,2019-10,60.7,95.2,0,4.1,0.04,63.2,6.8
341,2019-10,66.6,92.9,0,11.2,0.42,70.0,18.5
342,2019-10,66.6,92.9,0,11.2,0.42,70.0,18.5
343,2019-11,49.8,54.6,0,11.0,0.05,58.2,16.3
344,2019-11,45.5,65.9,0,3.7,0.0,52.0,6.4
345,2019-11,46.3,56.5,0,6.0,0.0,53.2,10.0
346,2019-11,48.6,58.7,0,5.4,0.0,55.8,11.4
347,2019-11,54.2,72.4,0,3.8,0.0,59.9,7.4
348,2019-11,49.0,53.2,0,5.1,0.0,55.3,9.3
349,2019-11,49.3,70.7,0,6.3,0.07,56.8,9.9
350,2019-11,34.9,54.5,0,10.6,0.0,39.1,16.9
351,2019-11,34.2,58.0,0,4.3,0.0,40.1,7.6
352,2019-11,44.4,59.6,0,4.3,0.0,51.0,8.8
353,2019-11,52.5,71.4,0,2.8,0.0,60.2,4.9
354,2019-11,39.6,64.5,0,11.0,0.03,55.5,15.6
355,2019-11,28.0,45.1,0,8.8,0.0,33.6,14.3
356,2019-11,36.9,53.9,0,4.3,0.0,44.3,7.9
357,2019-11,42.6,53.0,0,5.5,0.0,51.5,10.1
358,2019-11,36.2,36.4,0,9.1,0.0,40.4,13.1
359,2019-11,36.9,58.3,0,11.0,0.0,42.2,14.9
360,2019-11,39.5,92.0,0,6.3,0.31,41.7,9.2
361,2019-11,43.7,79.7,0,4.5,0.14,47.7,8.1
362,2019-11,42.5,67.3,0,7.5,0.0,48.5,11.0
363,2019-11,45.6,63.0,0,4.3,0.0,53.1,6.3
364,2019-11,46.4,64.8,0,8.8,0.05,52.3,15.3
365,2019-11,39.8,58.0,0,4.6,0.02,45.1,7.9
366,2019-11,41.5,88.3,0,9.2,0.58,44.1,14.9
367,2019-11,45.4,69.5,0,4.9,0.0,53.3,7.2
368,2019-11,49.7,70.0,0,3.4,0.0,60.1,7.2
369,2019-11,52.1,78.0,0,6.1,0.01,57.4,17.3
370,2019-11,45.1,57.5,0,14.5,0.0,51.7,19.2
371,2019-11,35.0,63.5,0,7.5,0.0,40.0,11.3
372,2019-11,36.0,51.2,0,5.2,0.0,43.1,8.2
373,2019-11,36.0,51.2,0.0,5.2,0.0,43.1,8.2
374,2019-12,33.2,77.1,1.3,9.0,0.51,38.0,16.5
375,2019-12,34.2,92.9,1.9,10.7,0.32,36.6,15.2
376,2019-12,32.8,76.7,2.1,10.2,0.01,36.2,15.4
377,2019-12,36.6,80.6,1.3,5.6,0.0,38.9,8.1
378,2019-12,38.0,66.4,1.0,9.9,0.0,41.5,16.1
379,2019-12,40.9,57.3,0.5,8.0,0.0,48.7,14.5
380,2019-12,33.5,54.0,0.0,7.4,0.0,38.3,12.4
381,2019-12,34.0,65.5,0.0,3.7,0.0,41.3,8.6
382,2019-12,47.3,94.2,0.0,4.9,1.13,54.3,11.9
383,2019-12,53.6,85.8,0.0,7.9,0.13,57.5,12.9
384,2019-12,34.5,77.6,0.9,6.7,0.19,39.0,12.9
385,2019-12,31.1,52.5,0.1,5.3,0.0,35.3,10.1
386,2019-12,40.9,85.2,0.1,4.3,0.49,48.3,8.9
387,2019-12,50.3,91.7,0.0,7.6,0.57,55.0,14.5
388,2019-12,42.5,57.8,0.0,10.9,0.0,47.7,17.2
389,2019-12,34.8,57.3,0.9,3.2,0.11,36.3,7.2
390,2019-12,33.3,91.9,2.3,5.8,0.7,34.2,9.9
391,2019-12,30.7,76.9,1.8,9.5,0.01,35.4,15.5
392,2019-12,20.6,61.0,1.5,11.3,0.0,25.4,15.6
393,2019-12,26.6,60.8,0.7,5.8,0.0,33.2,8.9
394,2019-12,28.1,69.5,0.5,2.2,0.0,34.5,3.7
395,2019-12,36.8,67.7,0.4,4.6,0.0,45.8,7.9
396,2019-12,44.3,58.8,0.0,4.8,0.0,56.4,7.5
397,2019-12,41.2,56.7,0.0,5.4,0.0,47.3,9.0
398,2019-12,37.2,68.8,0.0,2.6,0.0,45.4,4.7
399,2019-12,39.5,86.0,0.0,4.7,0.0,44.9,8.4
400,2019-12,48.9,79.7,0.0,4.5,0.0,53.6,8.0
401,2019-12,45.0,70.0,0.0,4.3,0.0,51.0,8.7
402,2019-12,40.1,77.7,0.0,4.3,0.13,43.1,6.7
403,2019-12,39.8,93.9,0.0,11.2,0.29,41.2,15.4
404,2019-12,40.7,83.6,0.0,5.8,0.02,44.5,9.4
405,2019-12,40.7,83.6,0.0,5.8,0.02,44.5,9.4
406,2020-01,37.1,58.7,0.0,9.3,0.0,39.2,13.5
407,2020-01,40.1,63.2,0.0,4.4,0.0,48.1,8.4
408,2020-01,46.2,86.7,0.0,2.8,0.07,47.9,4.4
409,2020-01,47.2,92.0,0.0,4.9,0.19,50.4,14.9
410,2020-01,38.1,56.7,0.0,12.6,0.0,41.5,19.9
411,2020-01,38.2,69.6,0.4,6.6,0.04,44.5,11.5
412,2020-01,39.1,58.2,0.0,4.5,0.0,43.4,6.6
413,2020-01,34.2,62.2,0.0,11.6,0.0,41.7,18.2
414,2020-01,28.7,46.8,0.0,5.8,0.0,33.2,14.3
415,2020-01,43.5,75.7,0.0,5.4,0.0,53.5,9.0
416,2020-01,57.8,77.8,0.0,8.3,0.0,65.8,14.2
417,2020-01,60.1,62.4,0.0,11.8,0.04,67.4,17.8
418,2020-01,41.3,78.7,0.0,3.5,0.0,44.6,6.5
419,2020-01,41.3,87.3,0.0,3.2,0.02,45.2,6.5
420,2020-01,45.2,72.9,0.0,4.5,0.0,51.1,8.9
421,2020-01,42.0,69.2,0.0,12.0,0.04,47.9,20.3
422,2020-01,25.7,41.3,0.0,13.0,0.0,32.1,20.4
423,2020-01,26.5,67.5,4.0,5.0,0.25,36.7,10.7
424,2020-01,36.9,67.4,3.1,9.6,0.0,42.7,14.2
425,2020-01,24.9,46.6,0.3,10.1,0.0,31.0,13.5
426,2020-01,25.9,53.9,0.0,4.9,0.0,32.8,8.7
427,2020-01,31.0,59.7,0.0,2.1,0.0,39.1,4.0
428,2020-01,37.4,57.8,0.0,2.1,0.0,45.9,4.2
429,2020-01,41.3,58.5,0.0,3.8,0.0,50.2,7.3
430,2020-01,42.6,91.6,0.0,9.6,0.69,49.4,17.5
431,2020-01,40.7,71.7,0.0,6.7,0.0,45.9,11.7
432,2020-01,40.2,66.1,0.0,7.7,0.0,44.7,9.9
433,2020-01,38.9,61.6,0.0,9.2,0.0,42.2,12.9
434,2020-01,35.1,52.0,0.0,7.1,0.0,40.0,10.4
435,2020-01,31.0,59.6,0.0,4.1,0.0,36.4,7.6
436,2020-01,37.4,76.7,0.0,2.5,0.01,42.2,3.6
437,2018-06,84.1,50.5,0,3.6,0.06,94.0,6.8
438,2018-07,87.6,58.6,0,2.9,0.0,97.3,7.2
439,2018-07,85.7,63.5,0,3.8,0.02,95.5,8.6
440,2018-07,81.6,80.9,0,2.8,0.09,91.5,13.8
441,2018-07,81.4,76.4,0,2.5,0.0,89.1,5.9
442,2018-07,82.2,75.4,0,5.5,0.0,89.3,9.8
443,2018-07,77.2,74.7,0,6.2,0.16,81.4,9.6
444,2018-07,68.7,53.7,0,5.5,0.0,76.4,10.4
445,2018-07,72.5,56.2,0,2.7,0.01,82.9,7.9
446,2018-07,76.8,56.3,0,4.0,0.0,87.3,7.9
447,2018-07,83.0,52.3,0,4.3,0.0,94.0,9.1
448,2018-07,78.9,63.5,0,5.5,0.0,86.6,9.9
449,2018-07,76.7,56.7,0,3.8,0.18,84.9,7.6
450,2018-07,77.4,58.5,0,4.5,0.03,86.0,9.0
451,2018-07,81.3,54.2,0,6.6,0.21,90.2,10.4
452,2018-07,76.8,78.7,0,5.0,0.46,85.9,9.1
453,2018-07,83.5,68.5,0,5.5,0.0,92.6,11.7
454,2018-07,78.3,81.7,0,5.8,0.93,89.8,10.5
455,2018-07,76.5,58.3,0,6.8,0.0,85.4,12.6
456,2018-07,74.0,54.7,0,4.6,0.0,82.9,8.5
457,2018-07,74.7,64.7,0,4.5,0.0,81.7,9.5
458,2018-07,71.6,70.7,0,9.1,0.36,77.3,13.9
459,2018-07,75.6,88.9,0,10.2,0.45,80.7,17.4
460,2018-07,77.6,88.2,0,9.9,0.1,82.0,15.3
461,2018-07,79.0,84.4,0,10.2,0.0,83.0,14.4
462,2018-07,76.1,91.2,0,8.4,0.34,79.3,12.5
463,2018-07,79.7,75.8,0,4.8,0.02,87.3,7.4
464,2018-07,78.2,77.6,0,5.1,0.42,89.9,11.7
465,2018-07,78.3,75.4,0,2.9,0.0,87.1,7.0
466,2018-07,76.8,63.6,0,4.2,0.0,83.8,7.2
467,2018-07,74.4,70.9,0,3.2,0.08,80.4,6.1
468,2018-07,75.2,73.0,0,4.3,0.0,82.1,8.0
469,2018-07,75.2,73.0,0,4.3,0.0,82.1,8.0
470,2018-08,80.9,79.2,0,7.2,0.06,89.0,13.7
471,2018-08,81.8,74.1,0,5.4,0.22,88.3,10.8
472,2018-08,78.8,83.9,0,4.8,0.19,86.2,9.2
473,2018-08,79.5,78.6,0,4.3,0.53,88.0,6.7
474,2018-08,84.1,60.9,0,3.6,0.0,93.8,7.9
475,2018-08,86.2,61.7,0,4.4,0.0,95.3,9.8
476,2018-08,82.5,75.0,0,6.3,0.1,91.2,11.3
477,2018-08,83.6,68.4,0,4.0,0.02,93.1,10.2
478,2018-08,82.4,62.9,0,6.1,0.32,90.2,11.1
479,2018-08,81.6,57.5,0,4.0,0.01,90.4,8.8
480,2018-08,74.3,89.2,0,3.5,2.29,78.7,6.5
481,2018-08,77.5,82.8,0,4.6,0.13,83.8,8.0
482,2018-08,73.4,92.3,0,5.3,0.52,75.2,10.0
483,2018-08,75.0,84.3,0,4.6,0.5,83.5,9.1
484,2018-08,81.1,64.9,0,6.9,0.01,90.0,10.8
485,2018-08,84.4,60.5,0,4.8,0.0,92.3,8.2
486,2018-08,82.4,72.8,0,5.9,0.54,90.0,12.8
487,2018-08,77.7,83.1,0,5.5,0.09,87.3,9.7
488,2018-08,70.6,82.3,0,6.0,0.05,72.7,9.5
489,2018-08,70.9,80.0,0,4.3,0.0,74.7,8.7
490,2018-08,72.7,78.4,0,5.4,0.08,78.8,9.6
491,2018-08,77.0,75.0,0,6.9,0.46,84.5,10.6
492,2018-08,72.4,59.5,0,6.0,0.0,79.4,9.0
493,2018-08,74.4,58.1,0,3.5,0.0,84.7,8.9
494,2018-08,73.6,63.1,0,3.3,0.0,80.9,8.4
495,2018-08,77.0,69.5,0,4.6,0.0,85.1,8.2
496,2018-08,82.1,70.3,0,3.8,0.0,90.4,7.6
497,2018-08,87.8,63.4,0,5.3,0.0,96.7,10.4
498,2018-08,88.7,60.2,0,6.0,0.0,96.3,10.7
499,2018-08,84.2,62.1,0,6.0,0.0,90.0,9.4
500,2018-08,73.3,76.0,0,6.2,0.05,77.0,9.1
501,2018-08,73.3,76.0,0,6.2,0.05,77.0,9.1
502,2018-09,72.8,72.2,0,4.4,0.0,79.2,7.1
503,2018-09,75.4,78.6,0,3.1,0.0,81.7,7.9
504,2018-09,83.0,76.0,0,3.8,0.01,91.8,8.0
505,2018-09,85.0,63.2,0,3.6,0.0,92.9,6.2
506,2018-09,82.2,74.7,0,4.6,0.0,90.1,9.5
507,2018-09,82.6,76.8,0,4.8,0.12,93.6,10.1
508,2018-09,73.4,84.2,0,5.7,0.0,75.5,9.1
509,2018-09,66.7,73.7,0,6.5,0.01,70.8,10.1
510,2018-09,58.9,85.2,0,7.1,0.34,61.7,10.0
511,2018-09,60.3,95.7,0,8.6,0.48,64.1,11.6
512,2018-09,68.8,93.3,0,2.5,0.0,75.0,5.0
513,2018-09,73.4,95.3,0,3.5,0.16,77.2,6.1
514,2018-09,71.9,90.3,0,6.0,0.15,75.4,7.4
515,2018-09,71.5,85.2,0,5.6,0.0,74.3,8.4
516,2018-09,72.5,80.5,0,2.7,0.0,80.8,6.2
517,2018-09,75.0,74.3,0,2.5,0.0,85.2,7.6
518,2018-09,73.8,86.3,0,4.1,0.0,78.5,8.4
519,2018-09,74.3,91.9,0,5.2,0.81,79.7,8.8
520,2018-09,74.2,77.9,0,4.7,0.01,82.1,8.2
521,2018-09,68.2,74.3,0,4.0,0.0,72.9,7.3
522,2018-09,70.4,79.1,0,5.6,0.01,72.7,9.2
523,2018-09,69.4,64.4,0,6.6,0.0,73.2,11.8
524,2018-09,62.8,75.6,0,3.5,0.0,66.0,5.9
525,2018-09,62.3,74.5,0,9.1,0.0,68.8,14.9
526,2018-09,66.5,93.8,0,6.8,1.43,73.0,11.9
527,2018-09,75.3,88.3,0,4.9,0.1,82.5,9.4
528,2018-09,66.9,67.5,0,6.1,0.0,73.0,9.5
529,2018-09,59.8,89.4,0,5.7,0.53,63.7,11.9
530,2018-09,64.1,74.2,0,3.8,0.0,73.4,6.9
531,2018-09,63.2,71.6,0,3.5,0.0,70.7,6.3
532,2018-09,63.2,71.6,0,3.5,0.0,70.7,6.3
533,2018-10,69.4,83.1,0,3.2,0.0,76.9,7.5
534,2018-10,71.7,82.9,0,4.8,0.54,78.6,9.9
535,2018-10,68.4,77.4,0,4.5,0.0,75.5,9.0
536,2018-10,69.5,84.4,0,3.3,0.02,77.5,7.8
537,2018-10,65.2,71.0,0,5.3,0.0,70.3,8.7
538,2018-10,65.2,88.0,0,4.4,0.0,67.7,7.0
539,2018-10,73.4,86.2,0,3.8,0.0,80.7,6.8
540,2018-10,65.9,92.9,0,5.7,0.0,70.8,8.2
541,2018-10,71.1,90.1,0,2.8,0.0,77.5,5.5
542,2018-10,73.6,88.0,0,4.3,0.0,80.7,7.7
543,2018-10,72.2,93.3,0,4.5,0.64,78.3,11.4
544,2018-10,58.5,67.9,0,9.0,0.38,67.4,15.2
545,2018-10,51.2,73.9,0,4.4,0.08,56.1,9.0
546,2018-10,52.5,69.8,0,3.1,0.0,58.4,6.6
547,2018-10,60.9,88.7,0,6.1,0.04,67.4,12.8
548,2018-10,51.8,58.6,0,7.2,0.0,58.5,13.0
549,2018-10,52.6,59.1,0,10.0,0.0,62.5,17.2
550,2018-10,45.6,49.3,0,8.1,0.0,51.3,13.2
551,2018-10,51.8,58.6,0,6.8,0.0,61.0,9.8
552,2018-10,57.1,72.7,0,7.4,0.06,63.0,11.4
553,2018-10,44.9,62.2,0,9.1,0.0,49.7,16.2
554,2018-10,45.2,65.4,0,4.8,0.01,51.0,8.1
555,2018-10,54.3,63.4,0,5.1,0.0,65.4,9.4
556,2018-10,48.7,60.4,0,9.5,0.0,54.4,15.5
557,2018-10,44.7,61.0,0,6.4,0.0,51.5,9.7
558,2018-10,44.3,69.4,0,3.8,0.0,49.5,8.3
559,2018-10,47.3,94.1,0,11.2,0.75,50.2,16.1
560,2018-10,49.3,83.8,0,5.4,0.02,52.7,8.6
561,2018-10,51.4,76.8,0,7.1,0.02,56.2,12.7
562,2018-10,48.1,58.1,0,6.3,0.0,56.3,11.3
563,2018-10,54.3,68.8,0,4.7,0.0,65.1,10.6
564,2018-10,54.3,68.8,0.0,4.7,0.0,65.1,10.6
565,2018-11,62.7,77.6,0.0,4.5,0.0,69.7,7.0
566,2018-11,66.7,88.8,0.0,7.2,0.13,69.5,11.8
567,2018-11,54.9,71.9,0.0,9.0,0.31,62.3,19.2
568,2018-11,48.5,62.1,0.0,2.9,0.0,56.6,5.1
569,2018-11,50.1,88.9,0.0,7.2,0.22,53.1,11.1
570,2018-11,54.2,96.1,0.0,4.1,0.63,58.5,8.2
571,2018-11,57.4,60.5,0.0,7.8,0.0,63.8,11.8
572,2018-11,49.4,56.1,0.0,4.7,0.0,55.7,8.1
573,2018-11,46.6,79.7,0.0,5.9,0.71,51.5,12.3
574,2018-11,42.1,63.3,0.0,9.8,0.02,49.0,19.1
575,2018-11,39.1,58.3,0.0,5.3,0.0,46.6,8.9
576,2018-11,42.2,67.8,0.0,2.5,0.04,48.8,5.1
577,2018-11,45.7,85.0,0.0,7.2,0.71,49.0,13.4
578,2018-11,36.4,52.0,0.0,8.1,0.0,40.3,13.2
579,2018-11,32.6,74.0,5.9,8.4,0.7,38.4,17.3
580,2018-11,39.5,82.6,5.0,10.4,0.19,44.4,16.9
581,2018-11,42.7,69.6,2.3,7.4,0.0,47.1,11.2
582,2018-11,41.5,66.1,0.0,2.9,0.0,43.4,5.6
583,2018-11,45.4,80.5,0.0,2.5,0.0,50.9,5.2
584,2018-11,43.7,77.5,0.0,6.3,0.0,46.3,11.7
585,2018-11,37.6,60.8,0.0,9.5,0.0,44.1,13.4
586,2018-11,22.7,43.3,0.0,10.3,0.0,27.6,16.4
587,2018-11,24.6,46.0,0.0,3.5,0.0,32.3,7.0
588,2018-11,38.6,76.8,0.0,5.0,0.82,47.7,13.0
589,2018-11,50.0,76.9,0.0,5.7,0.58,54.9,14.1
590,2018-11,47.7,86.9,0.0,7.9,0.83,52.6,16.7
591,2018-11,41.1,72.8,0.0,11.8,0.04,44.4,17.3
592,2018-11,38.7,64.2,0.0,12.2,0.0,40.9,16.3
593,2018-11,40.8,62.0,0.0,10.2,0.0,44.9,13.9
594,2018-11,39.4,75.1,0.0,2.5,0.05,42.2,4.2
595,2018-11,39.4,75.1,0.0,2.5,0.05,42.2,4.2
596,2018-12,40.8,80.2,0.0,3.0,0.04,45.4,6.7
597,2018-12,49.4,96.2,0.0,4.2,0.48,54.1,9.2
598,2018-12,51.2,73.9,0.0,8.0,0.0,54.3,13.8
599,2018-12,36.9,54.6,0.0,8.3,0.0,42.1,12.6
600,2018-12,31.3,60.4,0.0,4.6,0.0,35.9,7.8
601,2018-12,34.5,61.5,0.0,7.1,0.0,39.0,11.9
602,2018-12,33.7,53.9,0.0,8.1,0.0,37.6,12.7
603,2018-12,29.0,60.3,0.1,5.1,0.01,35.3,9.8
604,2018-12,30.5,62.2,0.0,3.0,0.0,35.4,4.7
605,2018-12,31.9,61.4,0.0,4.9,0.0,38.8,8.7
606,2018-12,32.5,67.5,0.0,3.8,0.0,40.1,7.8
607,2018-12,35.3,65.0,0.0,5.5,0.0,39.3,9.5
608,2018-12,35.6,80.8,0.0,7.3,0.03,39.2,9.7
609,2018-12,45.5,89.0,0.0,4.5,0.13,48.9,7.4
610,2018-12,48.5,88.0,0.0,5.5,0.12,50.6,14.3
611,2018-12,39.4,92.2,0.4,10.8,1.22,45.1,16.0
612,2018-12,41.1,71.1,0.3,11.3,0.01,46.3,17.0
613,2018-12,32.5,52.8,0.0,12.0,0.0,38.4,17.4
614,2018-12,33.2,62.1,0.0,4.2,0.0,41.7,6.9
615,2018-12,39.8,84.4,0.0,3.3,0.23,49.8,9.8
616,2018-12,55.9,97.1,0.0,9.4,1.37,59.4,18.0
617,2018-12,44.5,72.9,0.0,11.5,0.01,51.7,17.3
618,2018-12,39.3,59.9,0.0,5.4,0.0,44.3,9.9
619,2018-12,38.4,76.1,0.0,5.6,0.09,43.6,10.5
620,2018-12,35.6,60.9,0.0,6.6,0.0,40.2,10.8
621,2018-12,36.5,63.6,0.0,4.3,0.0,43.0,6.7
622,2018-12,39.8,67.0,0.0,4.7,0.0,43.2,6.7
623,2018-12,51.0,95.1,0.0,5.2,0.92,58.1,9.2
624,2018-12,47.6,68.9,0.0,9.4,0.0,55.8,14.8
625,2018-12,36.3,74.1,0.0,2.7,0.0,38.4,5.3
626,2018-12,39.8,89.5,0.0,3.8,0.99,46.6,7.9
627,2018-12,39.8,89.5,0.0,3.8,0.99,46.6,7.9
628,2019-01,49.0,74.2,0.0,9.9,0.06,58.1,19.1
629,2019-01,36.9,63.9,0.0,4.6,0.0,39.3,7.0
630,2019-01,39.9,71.9,0.0,5.8,0.0,43.4,12.9
631,2019-01,39.9,72.6,0.0,5.1,0.0,45.4,10.4
632,2019-01,43.2,93.0,0.0,7.2,0.41,44.8,11.1
633,2019-01,40.7,61.9,0.0,10.0,0.0,48.8,16.7
634,2019-01,29.1,46.6,0.0,5.8,0.0,33.4,10.0
635,2019-01,39.5,90.3,0.1,2.3,0.13,42.5,4.3
636,2019-01,40.6,61.3,0.0,12.7,0.06,44.6,17.6
637,2019-01,31.5,57.3,0.0,14.5,0.0,33.9,25.1
638,2019-01,25.2,45.9,0.0,10.9,0.0,30.5,14.6
639,2019-01,27.1,47.3,0.0,4.0,0.0,33.4,7.0
640,2019-01,28.3,51.0,0.2,7.3,0.0,32.5,11.1
641,2019-01,25.9,60.2,0.0,6.8,0.0,32.0,11.3
642,2019-01,28.7,60.1,0.0,3.7,0.0,35.2,8.1
643,2019-01,33.4,64.5,0.0,6.9,0.0,38.9,10.5
644,2019-01,28.8,49.4,0.0,4.8,0.0,31.4,9.5
645,2019-01,33.5,87.9,0.5,3.7,0.02,38.1,5.6
646,2019-01,34.1,73.6,1.4,6.2,0.3,36.4,10.3
647,2019-01,29.4,83.9,1.9,13.3,0.85,40.4,21.4
648,2019-01,9.8,53.2,0.9,18.6,0.0,13.7,23.6
649,2019-01,22.0,48.3,0.5,6.3,0.0,30.5,11.1
650,2019-01,36.9,64.7,0.0,5.0,0.0,46.3,8.1
651,2019-01,47.9,88.7,0.0,12.0,0.99,55.8,19.3
652,2019-01,34.0,49.7,0.0,9.5,0.0,39.1,15.4
653,2019-01,28.8,45.6,0.0,5.2,0.0,34.4,9.2
654,2019-01,39.1,62.1,0.0,6.8,0.0,48.0,13.9
655,2019-01,28.0,50.4,0.0,6.2,0.0,36.0,10.1
656,2019-01,33.0,81.3,0.2,5.0,0.18,42.0,10.3
657,2019-01,20.5,53.1,0.4,13.3,0.01,32.9,20.2
658,2019-01,9.4,43.0,0.6,9.5,0.0,15.9,12.5
659,2019-01,9.4,43.0,0.6,9.5,0.0,15.9,12.5
660,2019-02,15.9,43.1,0.6,4.8,0.0,21.3,7.1
661,2019-02,25.2,56.2,0.4,7.0,0.01,33.5,12.1
662,2019-02,38.9,69.8,0.0,3.4,0.0,52.4,6.7
663,2019-02,44.7,70.6,0.0,3.3,0.0,57.8,7.1
664,2019-02,50.4,70.5,0.0,3.9,0.0,66.1,10.4
665,2019-02,40.2,75.0,0.0,5.4,0.36,45.1,8.0
666,2019-02,41.1,93.9,0.0,5.4,0.06,44.1,9.5
667,2019-02,42.5,69.2,0.0,9.7,0.34,54.3,19.2
668,2019-02,27.7,45.2,0.0,13.1,0.0,31.7,17.6
669,2019-02,29.3,50.0,0.0,4.9,0.0,35.1,7.7
670,2019-02,33.6,60.5,0.2,4.0,0.0,36.6,6.7
671,2019-02,30.4,76.9,4.0,9.1,0.62,34.9,12.2
672,2019-02,35.6,73.4,2.7,9.6,0.06,40.2,18.7
673,2019-02,38.3,53.2,0.6,7.5,0.0,45.6,11.8
674,2019-02,48.2,71.9,0.6,5.5,0.0,56.3,9.8
675,2019-02,37.6,51.6,0.0,7.8,0.0,43.8,11.2
676,2019-02,31.7,61.3,0.2,5.5,0.05,36.0,8.9
677,2019-02,34.0,79.1,0.5,8.7,0.08,41.0,18.1
678,2019-02,28.8,48.3,0.0,7.4,0.0,35.5,9.8
679,2019-02,28.2,73.2,2.4,4.4,0.33,31.9,7.1
680,2019-02,41.5,75.9,1.6,5.9,0.12,51.4,10.5
681,2019-02,39.8,53.5,0.0,7.2,0.0,43.5,11.1
682,2019-02,36.3,69.6,0.0,4.2,0.0,40.2,5.7
683,2019-02,42.0,87.0,0.0,9.0,0.55,46.3,20.0
684,2019-02,36.5,39.6,0.0,18.3,0.0,41.7,26.1
685,2019-02,29.0,43.3,0.0,11.7,0.0,36.5,16.2
686,2019-02,26.6,55.4,0.0,5.3,0.0,29.3,9.4
687,2019-02,30.8,61.5,0.2,7.1,0.03,35.2,13.7
688,2019-02,30.8,61.5,0.2,7.1,0.03,35.2,13.7
689,2019-03,31.2,80.8,1.3,5.3,0.02,34.2,7.5
690,2019-03,35.3,85.9,3.6,5.4,0.39,41.3,8.1
691,2019-03,36.9,73.9,2.4,4.3,0.42,42.5,7.7
692,2019-03,33.8,71.8,4.1,8.4,0.2,38.3,12.8
693,2019-03,25.8,50.6,1.6,7.3,0.0,31.8,10.6
694,2019-03,21.6,51.7,1.0,9.3,0.0,25.2,13.3
695,2019-03,24.9,52.0,0.5,6.9,0.0,31.0,12.3
696,2019-03,31.1,56.8,0.7,3.2,0.0,37.1,7.3
697,2019-03,38.8,59.8,0.7,3.8,0.0,46.9,7.8
698,2019-03,38.2,92.9,1.4,6.9,0.5,40.8,13.9
699,2019-03,46.3,53.3,0.4,10.2,0.0,52.8,14.7
700,2019-03,37.1,50.6,0.0,9.3,0.0,42.9,13.6
701,2019-03,38.5,58.6,0.0,3.8,0.0,45.5,9.5
702,2019-03,47.4,67.4,0.0,5.8,0.0,54.1,10.6
703,2019-03,58.5,77.5,0.0,6.9,0.39,71.0,11.1
704,2019-03,45.6,45.5,0.0,12.0,0.0,54.1,16.5
705,2019-03,37.4,41.1,0.0,7.0,0.0,44.3,10.5
706,2019-03,38.0,44.3,0.0,4.2,0.0,44.6,8.9
707,2019-03,40.5,49.3,0.0,4.1,0.0,48.3,10.2
708,2019-03,42.6,62.2,0.0,5.1,0.0,51.0,11.9
709,2019-03,43.1,89.2,0.0,8.6,0.73,46.2,16.3
710,2019-03,43.2,76.9,0.0,14.1,0.48,48.7,18.1
711,2019-03,40.2,45.8,0.0,14.4,0.0,47.8,19.6
712,2019-03,49.3,29.5,0.0,7.5,0.0,59.5,12.1
713,2019-03,49.2,40.9,0.0,5.9,0.0,54.5,9.7
714,2019-03,40.0,25.9,0.0,8.3,0.0,48.0,12.4
715,2019-03,37.9,44.2,0.0,5.2,0.0,44.7,10.1
716,2019-03,42.9,65.2,0.0,5.4,0.0,50.3,11.4
717,2019-03,52.5,68.5,0.0,3.9,0.01,58.1,6.8
718,2019-03,56.0,65.7,0.0,7.3,0.0,64.6,14.1
719,2019-03,49.1,72.2,0.0,8.9,0.08,61.0,14.4
720,2017-08,71.4,62.9,0,5.8,0.01,81.1,10.0
721,2017-09,63.1,48.9,0,5.7,0.0,70.6,9.1
722,2017-09,60.6,70.2,0,4.7,0.41,67.0,7.1
723,2017-09,64.1,87.1,0,6.5,0.46,70.4,8.5
724,2017-09,71.0,65.9,0,6.4,0.0,80.3,9.7
725,2017-09,75.8,74.0,0,5.1,0.02,85.2,9.1
726,2017-09,65.6,88.4,0,3.9,0.36,70.7,8.5
727,2017-09,65.5,72.3,0,5.8,0.0,72.3,8.9
728,2017-09,64.3,64.1,0,5.7,0.01,70.8,9.3
729,2017-09,61.2,67.8,0,4.9,0.04,68.9,8.3
730,2017-09,64.0,63.1,0,5.0,0.01,72.3,8.2
731,2017-09,66.3,58.9,0,2.8,0.01,77.6,5.4
732,2017-09,69.7,66.0,0,2.5,0.01,80.3,4.4
733,2017-09,71.3,77.2,0,2.8,0.1,81.3,6.9
734,2017-09,74.5,80.7,0,2.9,0.01,80.6,6.7
735,2017-09,74.5,75.0,0,2.6,0.01,81.5,5.4
736,2017-09,73.3,84.6,0,2.9,0.02,81.0,6.3
737,2017-09,72.6,82.6,0,2.3,0.0,80.2,6.6
738,2017-09,70.7,86.0,0,4.9,0.0,72.8,7.9
739,2017-09,71.8,82.7,0,8.0,0.16,76.4,12.4
740,2017-09,74.3,73.4,0,7.8,0.0,78.6,11.4
741,2017-09,74.6,70.3,0,5.8,0.02,80.2,8.1
742,2017-09,73.3,53.4,0,7.6,0.0,82.0,10.4
743,2017-09,76.8,49.6,0,5.1,0.01,87.2,8.6
744,2017-09,78.4,60.7,0,2.2,0.0,90.6,5.4
745,2017-09,77.3,69.7,0,2.7,0.02,87.8,6.1
746,2017-09,74.0,79.8,0,2.5,0.0,82.2,5.4
747,2017-09,77.4,80.4,0,3.2,0.0,85.2,6.0
748,2017-09,70.8,59.5,0,8.2,0.02,76.9,11.7
749,2017-09,61.2,58.8,0,3.0,0.0,67.6,5.8
750,2017-09,58.2,73.8,0,6.5,0.0,63.2,9.1
751,2017-09,58.2,73.8,0,6.5,0.0,63.2,9.1
752,2017-10,58.7,64.1,0,3.0,0.0,67.8,4.8
753,2017-10,61.7,59.7,0,2.3,0.0,72.6,5.0
754,2017-10,61.1,67.7,0,4.0,0.0,69.4,11.2
755,2017-10,65.1,72.5,0,4.8,0.0,74.5,7.8
756,2017-10,72.8,69.0,0,5.6,0.01,83.1,8.3
757,2017-10,72.9,74.9,0,3.1,0.02,81.3,6.0
758,2017-10,72.6,81.4,0,5.1,0.01,79.8,8.9
759,2017-10,74.6,88.6,0,5.7,0.2,77.5,8.3
760,2017-10,73.8,93.3,0,6.3,0.23,76.3,11.4
761,2017-10,72.9,70.6,0,4.3,0.03,80.5,9.1
762,2017-10,67.6,76.2,0,4.9,0.1,73.8,9.2
763,2017-10,59.1,74.7,0,7.5,0.03,62.7,10.7
764,2017-10,59.3,79.3,0,4.7,0.0,65.6,6.8
765,2017-10,66.4,87.0,0,2.6,0.02,71.6,4.7
766,2017-10,68.6,85.8,0,4.9,0.0,72.5,8.0
767,2017-10,56.2,65.1,0,7.1,0.02,68.7,9.1
768,2017-10,50.6,60.0,0,4.0,0.0,59.5,6.1
769,2017-10,59.9,60.4,0,3.5,0.0,72.1,6.1
770,2017-10,62.3,59.2,0,4.7,0.0,71.5,7.3
771,2017-10,64.2,46.1,0,5.1,0.01,73.9,9.3
772,2017-10,64.2,51.7,0,2.5,0.04,78.2,5.8
773,2017-10,63.5,65.2,0,2.6,0.18,74.7,6.2
774,2017-10,67.3,84.1,0,6.1,0.0,72.7,10.7
775,2017-10,69.3,90.5,0,9.5,0.23,73.3,14.9
776,2017-10,61.4,69.1,0,2.8,0.04,66.0,7.0
777,2017-10,53.9,63.1,0,5.9,0.01,56.9,9.3
778,2017-10,54.6,61.8,0,3.3,0.0,62.0,6.4
779,2017-10,60.8,75.8,0,4.8,0.0,67.8,11.7
780,2017-10,63.1,94.1,0,7.5,2.07,66.3,15.4
781,2017-10,52.8,67.2,0,9.1,0.18,59.4,16.3
782,2017-10,50.6,55.2,0,7.0,0.0,56.6,12.7
783,2017-10,50.6,55.2,0,7.0,0.0,56.6,12.7
784,2017-11,49.7,69.2,0,3.2,0.0,56.6,6.1
785,2017-11,64.2,83.1,0,3.5,0.0,72.3,7.4
786,2017-11,63.6,74.4,0,5.4,0.01,74.2,10.0
787,2017-11,51.0,64.6,0,4.2,0.03,55.9,7.3
788,2017-11,56.7,89.8,0,3.9,0.02,60.8,8.0
789,2017-11,59.8,85.5,0,5.6,0.02,65.7,8.9
790,2017-11,43.3,78.9,0,5.2,0.6,48.3,8.3
791,2017-11,43.3,80.4,0,4.7,0.02,48.5,7.6
792,2017-11,47.6,78.5,0,3.5,0.0,54.1,6.9
793,2017-11,35.6,53.9,0,9.7,0.0,49.8,14.3
794,2017-11,30.6,51.2,0,3.5,0.0,37.2,6.2
795,2017-11,38.1,59.5,0,1.9,0.0,45.9,4.7
796,2017-11,41.8,77.0,0,3.7,0.07,46.5,5.7
797,2017-11,40.6,77.2,0,4.8,0.0,46.2,6.5
798,2017-11,43.6,74.7,0,3.9,0.0,49.8,6.1
799,2017-11,50.5,74.3,0,6.8,0.17,56.8,11.9
800,2017-11,41.9,52.5,0,8.9,0.0,47.4,15.4
801,2017-11,44.2,73.0,0,3.2,0.08,55.3,6.9
802,2017-11,49.9,68.2,0,10.7,0.17,58.6,17.4
803,2017-11,41.3,57.1,0,7.8,0.0,46.0,12.1
804,2017-11,49.1,58.6,0,4.9,0.0,58.3,8.9
805,2017-11,46.1,72.8,0,6.2,0.15,52.3,13.1
806,2017-11,36.7,57.2,0,4.1,0.0,43.0,7.0
807,2017-11,41.9,57.8,0,2.9,0.0,50.2,4.6
808,2017-11,48.3,61.8,0,4.1,0.0,56.7,6.8
809,2017-11,44.0,57.6,0,7.7,0.0,49.7,12.3
810,2017-11,43.7,52.5,0,6.7,0.0,51.2,11.2
811,2017-11,44.7,70.2,0,4.3,0.0,52.2,7.5
812,2017-11,51.2,58.4,0,5.5,0.0,63.8,10.6
813,2017-11,44.2,70.6,0,2.8,0.03,51.0,5.6
814,2017-11,44.2,70.6,0.0,2.8,0.03,51.0,5.6
815,2017-12,46.3,68.2,0.0,4.3,0.0,51.2,8.4
816,2017-12,42.1,69.1,0.0,2.0,0.0,47.5,3.6
817,2017-12,44.1,80.2,0.0,2.3,0.0,47.9,4.2
818,2017-12,44.0,82.3,0.0,3.4,0.0,50.3,6.4
819,2017-12,55.3,85.6,0.0,7.0,0.48,59.2,10.9
820,2017-12,44.6,53.8,0.0,8.0,0.0,57.6,13.8
821,2017-12,40.3,50.8,0.0,7.9,0.0,44.2,13.7
822,2017-12,36.1,54.6,0.0,4.2,0.0,38.1,5.9
823,2017-12,32.6,78.6,3.5,4.0,0.34,35.6,6.2
824,2017-12,33.8,71.5,3.4,6.9,0.0,38.3,9.8
825,2017-12,37.0,63.7,1.4,4.7,0.01,40.6,7.8
826,2017-12,42.0,70.9,0.6,7.6,0.01,49.8,12.5
827,2017-12,25.2,49.5,0.2,12.4,0.01,30.7,17.2
828,2017-12,25.9,70.3,1.8,5.6,0.05,31.3,10.5
829,2017-12,23.2,71.4,1.9,2.8,0.07,27.7,6.4
830,2017-12,31.1,71.6,2.0,6.4,0.0,37.3,9.7
831,2017-12,34.4,69.0,0.6,2.5,0.0,36.8,4.5
832,2017-12,40.1,77.8,0.5,3.4,0.02,47.1,5.7
833,2017-12,49.4,65.5,0.0,7.7,0.0,54.2,12.1
834,2017-12,41.7,49.9,0.0,7.3,0.0,48.8,10.8
835,2017-12,35.2,54.8,0.0,2.9,0.0,39.8,4.8
836,2017-12,39.7,69.4,0.0,3.3,0.0,45.8,5.8
837,2017-12,41.4,94.2,0.0,4.4,0.38,45.5,8.3
838,2017-12,37.7,72.9,0.0,6.2,0.01,39.7,9.3
839,2017-12,33.3,65.7,0.3,11.5,0.19,36.7,18.7
840,2017-12,25.2,41.5,0.1,8.5,0.0,27.9,13.6
841,2017-12,20.3,49.0,0.0,6.0,0.0,24.0,9.9
842,2017-12,14.5,48.7,0.0,8.7,0.0,18.1,11.1
843,2017-12,16.1,56.4,0.1,6.0,0.01,21.7,9.2
844,2017-12,19.7,74.8,0.7,4.0,0.03,22.9,7.0
845,2017-12,13.4,59.3,0.7,8.3,0.0,18.7,11.7
846,2017-12,13.4,59.3,0.7,8.3,0.0,18.7,11.7
847,2018-01,12.6,55.1,0.6,7.6,0.0,18.3,10.6
848,2018-01,18.2,59.3,0.5,7.8,0.0,25.9,9.8
849,2018-01,22.2,52.9,0.5,3.2,0.0,28.6,5.7
850,2018-01,22.8,78.4,10.2,14.4,0.52,26.3,20.0
851,2018-01,12.2,53.1,9.2,14.3,0.0,15.9,17.0
852,2018-01,9.1,49.1,8.3,12.5,0.0,12.6,16.1
853,2018-01,11.8,55.3,7.7,5.6,0.0,18.2,9.5
854,2018-01,24.6,66.9,6.7,5.6,0.07,30.6,7.0
855,2018-01,35.0,64.8,5.6,6.2,0.0,42.7,10.2
856,2018-01,33.7,71.3,2.5,2.8,0.0,38.9,4.4
857,2018-01,42.3,83.0,1.3,1.9,0.0,48.5,4.7
858,2018-01,51.5,95.2,0.0,6.3,0.42,58.0,10.7
859,2018-01,34.0,72.8,0.0,10.1,0.06,53.5,16.1
860,2018-01,18.3,51.2,0.0,7.3,0.0,24.3,8.9
861,2018-01,22.7,68.4,0.0,6.3,0.0,29.6,9.4
862,2018-01,30.6,81.7,0.0,2.8,0.0,35.5,4.6
863,2018-01,30.6,84.4,0.5,5.8,0.1,34.9,9.7
864,2018-01,25.1,59.0,0.5,7.0,0.0,32.5,10.6
865,2018-01,31.1,59.2,1.0,4.4,0.0,37.2,7.2
866,2018-01,42.3,54.7,1.0,6.8,0.0,51.5,11.7
867,2018-01,43.8,64.3,0.0,2.8,0.0,50.4,6.4
868,2018-01,42.2,87.0,0.0,4.3,0.0,47.0,8.1
869,2018-01,48.3,81.8,0.0,7.4,0.27,60.1,12.8
870,2018-01,37.1,58.7,0.0,9.6,0.0,42.7,14.0
871,2018-01,27.9,45.6,0.0,7.3,0.0,34.0,11.0
872,2018-01,30.9,49.2,0.0,3.2,0.0,37.3,5.9
873,2018-01,44.3,68.8,0.0,4.8,0.0,54.1,8.1
874,2018-01,48.5,82.1,0.0,3.1,0.25,51.8,6.5
875,2018-01,40.3,66.5,0.0,7.2,0.0,43.0,11.0
876,2018-01,30.5,77.6,1.4,7.0,0.04,36.0,14.7
877,2018-01,25.7,54.3,0.3,5.8,0.0,31.6,9.0
878,2018-01,25.7,54.3,0.3,5.8,0.0,31.6,9.0
879,2018-02,37.9,68.2,0.0,3.3,0.05,43.2,5.4
880,2018-02,26.3,59.4,0.0,10.9,0.15,38.4,16.9
881,2018-02,23.9,50.3,0.0,6.9,0.0,30.5,9.9
882,2018-02,36.6,73.8,0.0,4.2,0.9,41.2,8.9
883,2018-02,31.6,66.2,0.0,7.1,0.0,38.3,14.9
884,2018-02,30.8,61.3,0.0,2.5,0.0,36.7,5.0
885,2018-02,33.0,85.0,2.2,6.3,0.61,40.8,10.3
886,2018-02,29.0,61.8,0.3,7.3,0.0,31.9,10.3
887,2018-02,30.8,67.7,0.2,4.0,0.0,36.6,7.0
888,2018-02,42.3,90.2,0.0,1.4,0.43,46.3,3.8
889,2018-02,48.4,96.2,0.0,3.3,1.02,56.8,7.9
890,2018-02,43.2,63.0,0.0,7.4,0.0,58.3,11.5
891,2018-02,31.2,60.0,0.0,4.2,0.0,36.3,7.1
892,2018-02,42.8,73.6,0.0,3.6,0.08,52.2,5.8
893,2018-02,51.2,87.6,0.0,3.6,0.11,57.6,5.6
894,2018-02,50.3,78.4,0.0,6.7,0.11,58.5,13.4
895,2018-02,33.0,69.8,2.2,4.1,0.4,37.9,7.5
896,2018-02,37.1,71.7,2.3,4.3,0.0,43.5,8.6
897,2018-02,41.7,84.6,0.3,2.7,0.03,47.3,5.9
898,2018-02,54.9,87.2,0.0,3.6,0.0,65.7,7.5
899,2018-02,63.6,78.4,0.0,5.8,0.03,77.5,8.9
900,2018-02,43.2,79.5,0.0,6.7,0.1,56.9,8.7
901,2018-02,38.1,91.9,0.0,4.9,0.04,41.2,7.7
902,2018-02,46.8,85.2,0.0,4.0,0.05,54.6,6.9
903,2018-02,42.0,93.2,0.0,5.7,0.6,43.3,11.5
904,2018-02,45.5,65.8,0.0,4.8,0.0,51.9,7.6
905,2018-02,45.5,48.3,0.0,4.4,0.0,55.8,6.9
906,2018-02,49.9,54.4,0.0,5.1,0.01,60.3,7.9
907,2018-02,49.9,54.4,0.0,5.1,0.01,60.3,7.9
908,2018-03,52.3,66.7,0.0,5.0,0.37,58.7,8.5
909,2018-03,36.7,91.1,1.3,14.8,1.76,42.8,19.1
910,2018-03,40.5,67.0,0.8,12.2,0.0,45.9,15.5
911,2018-03,39.0,59.8,0.0,10.9,0.0,42.9,15.3
912,2018-03,36.7,62.7,0.0,8.3,0.0,41.7,13.1
913,2018-03,38.2,67.8,0.0,4.8,0.0,45.3,8.0
914,2018-03,33.9,93.1,4.8,10.0,1.03,37.4,14.6
915,2018-03,35.7,74.7,4.8,7.3,0.01,39.0,9.3
916,2018-03,34.6,65.0,3.3,9.4,0.0,41.3,14.5
917,2018-03,35.2,58.4,1.9,8.4,0.0,39.1,10.8
918,2018-03,37.6,54.6,1.5,5.5,0.0,44.6,8.4
919,2018-03,36.6,72.3,0.5,6.9,0.05,41.7,10.6
920,2018-03,35.1,77.1,0.8,10.0,0.2,39.9,17.0
921,2018-03,34.6,64.8,0.3,11.6,0.01,40.2,16.3
922,2018-03,38.1,56.8,0.1,10.1,0.0,46.6,12.9
923,2018-03,34.5,56.4,0.2,10.8,0.01,38.8,17.8
924,2018-03,37.0,44.8,0.2,8.3,0.0,47.3,12.7
925,2018-03,35.6,38.0,0.0,6.2,0.0,42.8,12.1
926,2018-03,37.9,42.5,0.1,4.5,0.0,46.1,7.6
927,2018-03,34.6,45.5,0.1,6.5,0.0,38.2,9.6
928,2018-03,32.9,82.0,5.8,9.4,0.52,38.2,13.0
929,2018-03,39.7,63.5,6.3,7.9,0.04,49.2,11.3
930,2018-03,40.3,52.0,2.4,6.1,0.0,47.2,8.7
931,2018-03,41.0,48.7,0.3,6.4,0.0,48.7,8.5
932,2018-03,37.8,61.4,0.0,6.6,0.0,42.2,10.0
933,2018-03,38.6,62.2,0.0,4.9,0.0,46.7,11.3
934,2018-03,38.2,63.8,0.0,2.8,0.02,43.1,5.2
935,2018-03,44.6,82.4,0.0,3.3,0.02,50.7,5.9
936,2018-03,48.9,90.2,0.0,3.2,0.01,51.2,5.5
937,2018-03,50.3,80.4,0.0,5.7,0.03,59.2,11.0
938,2018-03,45.6,44.6,0.0,6.3,0.0,55.0,10.8
939,2018-03,45.6,44.6,0.0,6.3,0.0,55.0,10.8
940,2018-04,49.4,52.7,0.0,6.6,0.0,59.0,10.0
941,2018-04,37.1,78.8,2.1,4.1,0.33,41.8,7.6
942,2018-04,39.1,90.8,0.2,3.8,0.12,41.6,7.0
943,2018-04,46.2,72.8,0.0,8.6,0.02,55.2,20.7
944,2018-04,38.6,41.3,0.0,10.4,0.0,44.3,16.0
945,2018-04,46.1,63.1,0.0,5.6,0.06,60.1,10.9
946,2018-04,42.1,47.6,0.0,7.3,0.0,47.3,12.9
947,2018-04,36.6,47.8,0.0,7.7,0.0,43.6,12.7
948,2018-04,38.8,51.4,0.0,4.8,0.01,47.6,9.6
949,2018-04,42.1,62.3,0.0,4.8,0.01,48.3,8.5
950,2018-04,42.8,55.5,0.0,4.0,0.01,49.4,7.6
951,2018-04,52.0,60.1,0.0,5.2,0.0,59.8,10.1
952,2018-04,67.9,46.3,0.0,7.1,0.01,81.4,9.9
953,2018-04,61.6,64.0,0.0,7.4,0.0,75.2,13.4
954,2018-04,40.0,79.8,0.0,11.4,0.33,43.3,14.2
955,2018-04,48.1,86.1,0.0,11.9,2.09,58.4,16.6
956,2018-04,42.5,63.8,0.0,9.1,0.03,46.1,13.5
957,2018-04,45.6,53.9,0.0,7.3,0.0,53.5,11.6
958,2018-04,42.6,73.2,0.0,7.3,0.15,46.9,11.9
959,2018-04,42.0,53.7,0.0,9.1,0.0,50.3,13.2
960,2018-04,50.3,41.9,0.0,5.9,0.0,61.5,8.8
961,2018-04,53.4,34.5,0.0,4.3,0.0,65.1,9.8
962,2018-04,52.9,52.7,0.0,4.1,0.01,64.8,9.0
963,2018-04,54.7,66.3,0.0,5.6,0.14,63.9,10.4
964,2018-04,55.7,95.1,0.0,5.2,0.52,58.3,8.9
965,2018-04,61.2,61.7,0.0,6.8,0.07,68.8,11.8
966,2018-04,53.1,82.8,0.0,4.2,0.06,57.0,8.9
967,2018-04,56.2,82.4,0.0,4.6,0.12,64.1,8.9
968,2018-04,51.5,66.2,0.0,7.6,0.08,57.5,13.0
969,2018-04,47.6,64.6,0.0,7.6,0.07,50.6,13.8
970,2018-04,47.6,64.6,0,7.6,0.07,50.6,13.8
971,2018-05,65.6,36.7,0,5.7,0.02,80.7,10.7
972,2018-05,77.8,27.4,0,7.6,0.0,89.6,15.2
973,2018-05,79.9,46.5,0,6.9,0.03,92.7,13.0
974,2018-05,76.5,63.0,0,5.7,0.0,82.8,14.6
975,2018-05,67.4,43.1,0,6.7,0.01,74.9,12.1
976,2018-05,60.9,69.3,0,4.7,0.0,65.1,9.3
977,2018-05,62.8,66.8,0,4.0,0.0,75.5,7.5
978,2018-05,61.2,68.2,0,3.5,0.01,70.5,8.7
979,2018-05,62.5,64.9,0,3.2,0.06,73.8,9.7
980,2018-05,60.1,82.3,0,4.1,0.18,64.9,7.8
981,2018-05,65.8,47.8,0,5.8,0.0,73.3,10.2
982,2018-05,55.6,80.8,0,4.0,0.24,62.3,5.8
983,2018-05,52.7,90.9,0,3.7,0.11,53.8,6.1
984,2018-05,59.3,86.4,0,3.0,0.04,68.6,7.0
985,2018-05,70.4,81.3,0,5.0,0.49,89.8,12.2
986,2018-05,60.4,89.6,0,4.9,0.21,64.5,8.7
987,2018-05,63.0,90.8,0,2.2,0.2,71.9,4.5
988,2018-05,61.1,62.9,0,7.3,0.0,63.7,12.1
989,2018-05,53.5,91.8,0,5.2,0.43,56.0,10.1
990,2018-05,70.3,77.1,0,5.6,0.0,81.9,11.1
991,2018-05,67.1,58.9,0,3.9,0.02,77.2,9.0
992,2018-05,61.2,79.9,0,2.3,0.26,66.4,6.0
993,2018-05,70.2,68.2,0,4.2,0.27,81.0,7.3
994,2018-05,73.5,42.7,0,5.2,0.0,84.5,8.5
995,2018-05,77.6,49.2,0,6.7,0.0,88.2,10.6
996,2018-05,80.7,63.4,0,4.4,0.0,91.3,11.9
997,2018-05,62.1,87.0,0,9.1,0.49,76.2,13.6
998,2018-05,60.9,81.7,0,3.4,0.0,68.3,5.6
999,2018-05,75.2,72.9,0,3.0,0.0,87.7,7.1
1000,2018-05,67.2,83.7,0,4.5,0.0,75.1,7.3
1001,2018-05,65.5,91.3,0,4.2,0.02,67.7,5.9
1002,2016-09,57.7,89.8,0,8.8,0.11,59.4,11.6
1003,2016-10,58.5,91.5,0,6.3,0.0,61.1,8.0
1004,2016-10,60.1,90.5,0,2.1,0.0,63.2,4.1
1005,2016-10,65.0,81.9,0,2.0,0.02,71.3,3.4
1006,2016-10,63.5,76.0,0,6.3,0.0,68.2,10.0
1007,2016-10,59.5,73.4,0,4.0,0.0,66.7,8.2
1008,2016-10,61.8,77.3,0,2.1,0.0,72.2,4.6
1009,2016-10,62.8,78.0,0,2.7,0.0,73.3,8.6
1010,2016-10,63.3,91.1,0,1.9,0.1,67.8,3.4
1011,2016-10,55.8,79.7,0,8.2,0.45,64.7,11.9
1012,2016-10,53.3,52.1,0,6.4,0.0,63.0,9.7
1013,2016-10,53.4,68.2,0,2.7,0.0,61.8,4.6
1014,2016-10,58.0,78.2,0,2.6,0.0,65.8,7.2
1015,2016-10,58.8,81.7,0,4.0,0.0,66.2,8.4
1016,2016-10,53.4,58.4,0,3.8,0.0,62.1,7.2
1017,2016-10,54.7,68.3,0,3.2,0.0,63.3,6.1
1018,2016-10,60.6,78.2,0,4.3,0.0,69.7,7.6
1019,2016-10,70.6,71.3,0,3.2,0.0,79.9,6.3
1020,2016-10,71.9,74.2,0,5.0,0.0,80.6,8.2
1021,2016-10,74.2,61.0,0,4.7,0.01,84.4,7.3
1022,2016-10,65.9,77.7,0,5.5,0.0,70.3,8.1
1023,2016-10,66.8,93.8,0,3.3,0.53,70.0,10.1
1024,2016-10,49.1,78.4,0,10.3,0.42,56.3,14.4
1025,2016-10,53.5,54.9,0,8.9,0.0,61.1,16.8
1026,2016-10,54.0,62.5,0,6.6,0.0,60.8,10.9
1027,2016-10,46.9,55.8,0,7.5,0.0,50.4,13.6
1028,2016-10,43.5,55.3,0,5.3,0.0,49.4,7.8
1029,2016-10,45.9,82.7,0,4.8,0.83,54.5,7.5
1030,2016-10,44.8,73.7,0,8.8,0.0,48.8,15.4
1031,2016-10,52.6,67.4,0,4.8,0.0,62.6,8.6
1032,2016-10,63.5,77.6,0,4.6,0.76,74.2,10.0
1033,2016-10,48.2,63.3,0,5.3,0.03,54.5,11.0
1034,2016-10,48.2,63.3,0.0,5.3,0.03,54.5,11.0
1035,2016-11,50.0,74.5,0.0,3.4,0.0,58.0,6.3
1036,2016-11,61.0,75.9,0.0,4.0,0.0,69.6,6.4
1037,2016-11,62.4,74.1,0.0,5.9,0.0,71.9,10.4
1038,2016-11,54.1,52.8,0.0,6.5,0.0,60.2,9.3
1039,2016-11,52.5,61.2,0.0,4.3,0.0,62.0,8.5
1040,2016-11,52.2,55.7,0.0,7.5,0.0,57.5,10.3
1041,2016-11,46.1,56.4,0.0,4.1,0.0,53.7,8.1
1042,2016-11,53.2,54.9,0.0,2.2,0.0,66.2,3.5
1043,2016-11,53.6,75.8,0.0,3.7,0.11,56.4,9.4
1044,2016-11,48.8,58.3,0.0,5.6,0.0,56.2,10.3
1045,2016-11,50.3,49.0,0.0,9.4,0.0,61.2,14.8
1046,2016-11,42.8,48.1,0.0,5.3,0.0,49.9,7.5
1047,2016-11,48.8,46.2,0.0,5.1,0.0,61.2,7.6
1048,2016-11,52.6,40.2,0.0,2.7,0.0,60.0,5.8
1049,2016-11,49.1,86.7,0.0,6.0,1.66,53.8,14.8
1050,2016-11,51.8,63.9,0.0,4.6,0.0,61.1,6.6
1051,2016-11,53.2,64.7,0.0,4.9,0.0,61.3,7.9
1052,2016-11,52.9,64.4,0.0,2.8,0.0,64.5,5.5
1053,2016-11,52.0,78.1,0.0,4.9,0.21,61.2,14.4
1054,2016-11,38.5,69.2,0.4,11.8,0.3,40.7,15.0
1055,2016-11,37.6,50.8,0.0,12.4,0.0,39.9,15.1
1056,2016-11,37.6,57.7,0.0,11.3,0.0,40.2,17.2
1057,2016-11,39.2,58.1,0.0,5.1,0.0,44.4,8.7
1058,2016-11,43.7,78.0,0.0,3.4,0.01,48.1,5.1
1059,2016-11,48.7,85.2,0.0,1.6,0.0,53.8,3.8
1060,2016-11,45.5,77.2,0.0,5.4,0.0,49.2,9.4
1061,2016-11,43.1,64.8,0.0,5.9,0.0,49.4,10.0
1062,2016-11,44.6,67.8,0.0,3.2,0.0,51.5,5.7
1063,2016-11,55.8,90.8,0.0,5.9,1.66,59.3,12.3
1064,2016-11,53.5,95.2,0.0,5.2,0.79,56.1,11.1
1065,2016-11,53.5,95.2,0.0,5.2,0.79,56.1,11.1
1066,2016-12,49.4,69.7,0.0,7.6,0.09,53.7,12.3
1067,2016-12,44.2,58.9,0.0,8.3,0.0,50.1,10.5
1068,2016-12,43.1,58.6,0.0,9.4,0.0,46.7,13.2
1069,2016-12,41.2,55.2,0.0,5.6,0.0,45.4,9.3
1070,2016-12,42.7,76.1,0.0,4.9,0.17,48.3,9.9
1071,2016-12,40.7,75.1,0.3,4.5,0.44,45.0,9.7
1072,2016-12,41.8,87.7,0.2,2.9,0.05,45.4,5.5
1073,2016-12,39.0,62.2,0.0,5.6,0.0,42.5,10.2
1074,2016-12,33.3,53.8,0.0,9.1,0.0,38.5,13.7
1075,2016-12,30.5,62.8,0.0,5.2,0.0,34.6,9.8
1076,2016-12,30.4,71.2,0.6,2.8,0.03,34.2,5.8
1077,2016-12,40.0,87.4,0.6,4.7,0.52,45.4,8.2
1078,2016-12,39.0,63.3,0.0,3.3,0.0,42.4,6.3
1079,2016-12,37.4,56.6,0.0,5.7,0.01,41.4,10.1
1080,2016-12,24.0,40.5,0.0,12.0,0.0,33.0,19.4
1081,2016-12,21.7,53.4,0.0,6.5,0.0,26.5,9.7
1082,2016-12,31.5,90.0,7.4,2.7,0.77,37.6,5.5
1083,2016-12,42.0,82.0,2.8,6.9,0.05,55.8,15.3
1084,2016-12,25.6,51.9,0.0,5.9,0.0,29.9,8.4
1085,2016-12,26.4,52.8,0.0,3.1,0.0,32.4,5.8
1086,2016-12,34.4,58.1,0.0,2.8,0.0,40.1,5.2
1087,2016-12,40.3,60.4,0.0,5.4,0.0,48.2,10.9
1088,2016-12,41.3,57.3,0.0,4.8,0.0,45.8,7.2
1089,2016-12,41.6,80.4,0.0,4.5,0.43,45.5,7.0
1090,2016-12,42.1,64.3,0.0,4.9,0.0,49.3,7.0
1091,2016-12,38.3,78.9,0.0,4.0,0.01,48.4,7.3
1092,2016-12,52.6,71.4,0.0,8.1,0.0,59.4,12.2
1093,2016-12,37.2,61.9,0.0,5.5,0.0,39.7,9.5
1094,2016-12,38.4,80.9,0.0,5.2,0.38,44.6,8.9
1095,2016-12,35.8,66.6,0.0,8.2,0.01,39.3,11.5
1096,2016-12,37.3,56.9,0.0,7.1,0.0,43.0,10.7
1097,2016-12,37.3,56.9,0.0,7.1,0.0,43.0,10.7
1098,2017-01,43.2,50.7,0.0,4.7,0.01,47.0,9.4
1099,2017-01,38.0,84.4,0.1,4.9,0.23,39.8,7.6
1100,2017-01,41.1,96.6,0.0,7.1,0.42,43.4,10.9
1101,2017-01,43.2,70.8,0.0,8.0,0.0,51.2,12.9
1102,2017-01,29.6,49.1,0.1,7.3,0.01,32.4,10.0
1103,2017-01,28.9,65.5,1.9,4.3,0.07,32.6,6.5
1104,2017-01,21.3,76.1,6.1,7.0,0.28,24.7,10.1
1105,2017-01,18.9,58.0,6.1,9.2,0.0,24.0,12.6
1106,2017-01,18.6,58.9,5.3,4.3,0.0,23.0,8.4
1107,2017-01,30.0,77.1,3.7,2.8,0.0,43.8,9.4
1108,2017-01,45.4,83.9,0.6,5.3,0.5,51.0,11.0
1109,2017-01,57.3,80.1,0.0,6.6,0.07,64.3,9.1
1110,2017-01,44.3,60.6,0.0,8.3,0.0,59.9,12.4
1111,2017-01,30.1,71.9,0.9,2.6,0.09,32.5,5.1
1112,2017-01,32.8,71.7,0.9,3.9,0.0,38.1,5.8
1113,2017-01,35.1,63.8,0.5,3.3,0.0,42.2,5.8
1114,2017-01,39.2,82.5,0.0,3.8,0.37,40.8,6.3
1115,2017-01,39.6,93.8,0.0,4.2,0.06,41.3,6.1
1116,2017-01,42.3,79.3,0.0,3.6,0.0,47.7,8.0
1117,2017-01,41.5,80.8,0.0,2.7,0.11,44.0,4.4
1118,2017-01,44.5,94.2,0.0,3.4,0.0,48.0,5.5
1119,2017-01,45.7,93.0,0.0,4.8,0.02,47.7,13.0
1120,2017-01,39.0,86.0,3.2,14.0,0.97,43.5,18.6
1121,2017-01,36.3,94.6,5.2,10.1,0.95,38.6,13.0
1122,2017-01,42.6,69.0,5.1,6.6,0.0,47.8,11.3
1123,2017-01,46.1,66.6,0.0,6.9,0.03,53.8,15.8
1124,2017-01,39.6,58.4,0.0,10.0,0.0,42.1,12.9
1125,2017-01,35.5,61.0,0.0,7.9,0.0,37.9,10.4
1126,2017-01,36.9,55.4,0.0,5.5,0.0,42.0,9.6
1127,2017-01,32.4,51.1,0.0,5.9,0.0,35.8,12.0
1128,2017-01,28.7,75.8,1.1,3.0,0.07,31.2,6.6
1129,2017-01,28.7,75.8,1.1,3.0,0.07,31.2,6.6
1130,2017-02,39.8,65.8,1.0,6.4,0.0,46.2,9.9
1131,2017-02,37.2,58.4,0.0,6.2,0.0,43.4,12.1
1132,2017-02,29.0,49.4,0.0,6.3,0.0,32.6,11.4
1133,2017-02,27.4,44.9,0.0,7.4,0.0,33.6,12.2
1134,2017-02,36.1,52.2,0.0,5.9,0.0,41.0,8.0
1135,2017-02,40.6,57.7,0.0,5.3,0.0,48.2,8.9
1136,2017-02,37.7,92.8,0.0,4.3,0.32,39.3,7.9
1137,2017-02,47.6,75.0,0.0,4.1,0.02,60.5,8.0
1138,2017-02,26.9,76.3,8.4,11.8,0.81,41.6,15.4
1139,2017-02,25.5,57.1,5.6,7.5,0.0,31.3,10.6
1140,2017-02,38.8,61.5,3.5,2.1,0.01,46.2,4.4
1141,2017-02,33.3,90.6,2.9,4.3,0.45,38.3,9.0
1142,2017-02,34.1,66.3,1.1,13.4,0.02,37.5,19.4
1143,2017-02,33.8,66.5,0.1,4.6,0.0,39.8,8.8
1144,2017-02,38.3,76.8,0.1,5.1,0.0,47.2,13.4
1145,2017-02,31.7,58.6,0.0,11.6,0.0,35.0,15.2
1146,2017-02,33.6,53.2,0.0,7.4,0.0,41.2,10.2
1147,2017-02,48.2,48.8,0.0,4.8,0.0,62.6,8.3
1148,2017-02,57.1,43.8,0.0,5.5,0.0,65.0,9.1
1149,2017-02,46.8,45.0,0.0,7.1,0.0,53.5,10.1
1150,2017-02,40.0,58.4,0.0,4.0,0.0,44.8,7.6
1151,2017-02,47.5,73.6,0.0,2.7,0.0,55.5,4.3
1152,2017-02,52.1,83.2,0.0,2.6,0.0,61.5,6.3
1153,2017-02,59.3,79.3,0.0,5.0,0.0,68.5,8.2
1154,2017-02,53.8,89.8,0.0,6.9,0.49,61.1,12.4
1155,2017-02,38.7,49.9,0.0,9.5,0.0,42.8,12.8
1156,2017-02,43.7,51.4,0.0,5.1,0.0,52.3,9.7
1157,2017-02,50.8,76.4,0.0,3.7,0.0,58.9,7.9
1158,2017-02,50.8,76.4,0.0,3.7,0.0,58.9,7.9
1159,2017-03,59.9,82.5,0.0,6.1,0.18,69.1,11.5
1160,2017-03,45.3,41.4,0.0,13.8,0.0,62.3,19.2
1161,2017-03,31.9,43.1,0.0,9.6,0.0,37.6,13.3
1162,2017-03,22.9,40.8,0.0,11.2,0.0,28.7,17.1
1163,2017-03,24.5,31.8,0.0,6.1,0.0,35.7,9.5
1164,2017-03,34.4,44.6,0.0,3.7,0.0,42.0,7.2
1165,2017-03,46.7,86.2,0.0,3.6,0.12,51.2,5.4
1166,2017-03,54.1,51.8,0.0,8.9,0.01,59.0,12.8
1167,2017-03,54.0,28.5,0.0,10.9,0.0,61.1,17.0
1168,2017-03,34.2,66.1,1.2,8.7,0.16,46.3,13.2
1169,2017-03,22.3,49.8,0.4,10.7,0.0,27.8,15.7
1170,2017-03,24.4,45.8,0.6,10.4,0.0,29.8,14.4
1171,2017-03,27.4,52.5,0.6,4.7,0.01,34.2,7.7
1172,2017-03,27.5,89.5,13.0,13.4,1.63,30.4,18.4
1173,2017-03,23.2,63.4,6.4,11.8,0.0,25.8,15.1
1174,2017-03,31.0,47.3,5.9,9.3,0.0,38.3,12.9
1175,2017-03,37.0,45.3,4.8,6.6,0.0,45.9,8.7
1176,2017-03,34.8,73.8,3.3,6.4,0.05,36.5,10.3
1177,2017-03,38.0,56.3,2.6,6.4,0.0,44.9,8.4
1178,2017-03,40.0,46.3,1.7,5.5,0.0,48.0,7.8
1179,2017-03,47.5,51.2,0.6,3.8,0.0,56.1,6.9
1180,2017-03,33.3,40.8,0.2,13.2,0.0,46.1,17.7
1181,2017-03,32.7,41.4,0.2,5.3,0.0,42.4,9.0
1182,2017-03,45.0,56.7,0.0,5.8,0.01,55.0,9.6
1183,2017-03,50.4,68.8,0.0,4.3,0.0,58.8,8.0
1184,2017-03,39.6,85.3,0.0,6.4,0.08,41.8,7.9
1185,2017-03,44.7,92.4,0.0,3.0,0.24,52.7,5.0
1186,2017-03,43.2,96.2,0.0,4.5,0.73,45.9,7.8
1187,2017-03,48.2,62.5,0.0,7.9,0.0,57.7,12.9
1188,2017-03,42.9,57.1,0.0,4.1,0.03,49.8,8.3
1189,2017-03,39.0,94.8,0.3,9.2,1.59,41.3,20.8
1190,2017-03,39.0,94.8,0.3,9.2,1.59,41.3,20.8
1191,2017-04,41.7,81.0,0.0,8.0,0.01,46.0,12.1
1192,2017-04,51.3,51.6,0.0,6.3,0.0,61.6,11.3
1193,2017-04,52.1,56.1,0.0,5.1,0.03,60.2,9.8
1194,2017-04,48.3,95.8,0.0,6.7,1.02,50.9,12.8
1195,2017-04,50.2,83.2,0.0,4.1,0.0,61.5,7.4
1196,2017-04,44.5,93.6,0.0,8.3,0.68,50.0,11.9
1197,2017-04,44.6,67.1,0.0,10.6,0.0,49.3,14.1
1198,2017-04,46.7,43.7,0.0,9.6,0.0,56.2,14.3
1199,2017-04,52.8,41.9,0.0,4.7,0.0,63.8,9.7
1200,2017-04,61.8,49.0,0.0,5.5,0.0,73.3,9.0
1201,2017-04,66.1,58.4,0.0,4.1,0.0,76.7,9.0
1202,2017-04,65.1,62.0,0.0,3.7,0.04,74.3,8.8
1203,2017-04,55.0,43.8,0.0,7.7,0.0,63.4,10.6
1204,2017-04,54.2,44.3,0.0,3.6,0.0,63.8,7.5
1205,2017-04,55.7,67.8,0.0,4.9,0.0,61.7,8.8
1206,2017-04,71.9,61.4,0.0,8.4,0.02,85.1,14.5
1207,2017-04,66.7,43.9,0.0,8.2,0.0,72.2,10.9
1208,2017-04,53.8,54.7,0.0,6.4,0.0,62.7,10.5
1209,2017-04,47.5,78.3,0.0,6.4,0.0,50.7,9.8
1210,2017-04,55.7,81.1,0.0,3.5,0.13,64.3,6.8
1211,2017-04,50.3,94.0,0.0,5.5,0.2,53.2,7.6
1212,2017-04,52.5,83.8,0.0,3.6,0.07,55.5,8.5
1213,2017-04,53.0,62.4,0.0,4.2,0.01,63.1,8.6
1214,2017-04,53.4,71.9,0.0,3.0,0.01,59.4,6.4
1215,2017-04,52.1,94.2,0.0,11.5,0.81,54.3,15.5
1216,2017-04,57.1,95.2,0.0,4.7,0.2,60.3,9.0
1217,2017-04,60.9,90.8,0.0,4.0,0.01,67.1,8.9
1218,2017-04,69.8,65.5,0.0,3.7,0.01,81.9,8.7
1219,2017-04,73.8,65.3,0.0,6.4,0.11,83.5,13.3
1220,2017-04,57.7,60.9,0.0,5.7,0.0,65.3,8.7
1221,2017-04,57.7,60.9,0,5.7,0.0,65.3,8.7
1222,2017-05,59.7,85.3,0,4.7,0.02,70.1,8.4
1223,2017-05,68.9,54.5,0,9.8,0.01,73.6,16.9
1224,2017-05,59.4,41.8,0,9.1,0.0,64.2,14.5
1225,2017-05,53.7,54.1,0,5.8,0.0,60.8,10.4
1226,2017-05,55.1,94.0,0,7.0,2.65,59.2,11.4
1227,2017-05,58.7,84.8,0,8.6,0.18,63.0,12.9
1228,2017-05,51.1,71.2,0,7.7,0.02,54.0,11.4
1229,2017-05,51.2,54.3,0,7.0,0.0,56.6,13.0
1230,2017-05,53.0,56.7,0,4.3,0.0,60.2,7.2
1231,2017-05,54.5,60.9,0,3.1,0.0,61.6,7.1
1232,2017-05,53.8,59.4,0,3.7,0.0,61.0,7.3
1233,2017-05,53.8,69.1,0,5.7,0.0,61.4,11.8
1234,2017-05,48.6,93.8,0,7.4,1.45,51.9,11.2
1235,2017-05,55.7,70.6,0,8.4,0.05,65.8,12.8
1236,2017-05,59.8,56.5,0,11.7,0.0,67.3,17.8
1237,2017-05,68.2,49.3,0,5.0,0.01,79.8,7.5
1238,2017-05,77.6,53.0,0,5.2,0.02,90.3,9.7
1239,2017-05,84.3,52.1,0,6.4,0.0,93.4,10.8
1240,2017-05,82.0,51.9,0,7.4,0.0,92.3,11.1
1241,2017-05,59.8,58.7,0,5.1,0.02,63.5,8.0
1242,2017-05,59.1,52.9,0,5.2,0.0,65.8,9.6
1243,2017-05,57.7,91.8,0,3.6,0.51,61.1,6.2
1244,2017-05,63.1,69.1,0,3.2,0.0,68.9,5.2
1245,2017-05,61.8,73.3,0,5.0,0.06,67.3,8.3
1246,2017-05,57.1,94.8,0,7.9,0.36,58.3,10.2
1247,2017-05,65.4,73.6,0,7.2,0.1,74.3,12.8
1248,2017-05,65.9,72.0,0,3.5,0.0,71.7,5.8
1249,2017-05,63.4,76.5,0,5.3,0.0,69.5,8.8
1250,2017-05,57.4,89.3,0,4.6,0.12,60.0,6.4
1251,2017-05,57.0,92.0,0,4.6,0.06,59.0,8.4
1252,2017-05,65.3,84.9,0,3.9,0.03,75.1,6.8
1253,2017-05,65.3,84.9,0,3.9,0.03,75.1,6.8
1254,2017-06,70.1,59.0,0,5.6,0.0,79.8,10.9
1255,2017-06,67.4,45.2,0,5.9,0.0,76.7,12.6
1256,2017-06,65.0,48.6,0,6.8,0.06,73.7,12.4
1257,2017-06,62.9,64.2,0,3.6,0.09,69.7,7.6
1258,2017-06,62.7,91.1,0,4.8,0.05,67.6,9.3
1259,2017-06,55.3,89.5,0,5.8,0.06,57.8,7.5
1260,2017-06,60.0,70.0,0,3.8,0.0,67.7,5.8
1261,2017-06,61.9,65.8,0,3.5,0.0,68.3,7.7
1262,2017-06,70.1,50.5,0,5.4,0.0,81.8,10.1
1263,2017-06,77.2,49.3,0,5.4,0.0,86.4,10.4
1264,2017-06,83.2,48.6,0,5.9,0.0,92.4,9.8
1265,2017-06,85.5,47.2,0,4.8,0.02,94.2,8.3
1266,2017-06,87.0,48.3,0,4.7,0.01,96.0,8.3
1267,2017-06,75.0,60.8,0,4.6,0.4,81.3,9.6
1268,2017-06,68.7,61.3,0,5.9,0.02,74.2,10.8
1269,2017-06,65.4,88.8,0,5.3,0.02,66.8,7.4
1270,2017-06,68.9,93.9,0,3.1,1.0,72.7,6.0
1271,2017-06,76.7,85.8,0,5.8,0.0,83.0,10.3
1272,2017-06,76.9,83.6,0,6.8,1.16,87.5,12.4
1273,2017-06,77.1,62.1,0,6.9,0.02,83.4,11.9
1274,2017-06,77.1,58.2,0,5.7,0.04,84.2,10.4
1275,2017-06,76.1,63.6,0,4.4,0.0,82.7,8.6
1276,2017-06,79.7,78.2,0,5.8,0.15,84.2,9.9
1277,2017-06,78.4,64.9,0,7.4,1.12,84.4,14.7
1278,2017-06,75.7,57.3,0,4.7,0.0,82.4,10.8
1279,2017-06,72.1,51.3,0,5.2,0.0,78.4,10.4
1280,2017-06,69.4,63.6,0,4.9,0.17,76.7,10.0
1281,2017-06,71.1,51.3,0,6.0,0.0,79.5,9.5
1282,2017-06,74.7,63.4,0,7.3,0.0,81.9,11.4
1283,2017-06,80.3,62.8,0,7.0,0.0,88.3,10.6
1284,2017-06,80.3,62.8,0,7.0,0.0,88.3,10.6
1285,2017-07,76.6,82.9,0,5.6,0.27,82.0,10.0
1286,2017-07,80.8,63.9,0,5.3,0.0,88.8,9.6
1287,2017-07,80.3,60.2,0,4.5,0.03,88.5,11.3
1288,2017-07,77.2,57.7,0,2.8,0.0,85.0,5.7
1289,2017-07,76.5,56.2,0,5.5,0.0,83.4,9.8
1290,2017-07,73.6,67.8,0,4.1,0.03,77.9,7.9
1291,2017-07,72.9,86.4,0,4.9,1.5,81.0,10.0
1292,2017-07,77.1,70.5,0,5.2,0.0,84.3,11.0
1293,2017-07,75.2,52.8,0,5.1,0.0,82.2,8.1
1294,2017-07,77.1,60.5,0,5.0,0.0,84.5,8.9
1295,2017-07,80.4,71.9,0,4.6,0.03,86.1,8.3
1296,2017-07,82.8,68.1,0,5.8,0.0,89.4,12.1
1297,2017-07,82.6,70.1,0,5.8,0.05,92.4,10.4
1298,2017-07,68.0,94.7,0,4.8,0.32,71.6,7.9
1299,2017-07,75.4,74.1,0,4.1,0.0,84.2,8.3
1300,2017-07,77.1,66.3,0,3.4,0.0,84.9,7.9
1301,2017-07,78.7,73.4,0,4.6,0.0,84.0,9.5
1302,2017-07,80.3,73.4,0,4.3,0.0,86.5,8.2
1303,2017-07,85.0,61.5,0,5.0,0.0,92.6,9.9
1304,2017-07,85.1,62.1,0,4.2,0.04,94.4,8.9
1305,2017-07,84.6,59.0,0,5.5,0.01,92.0,10.7
1306,2017-07,82.2,62.2,0,3.3,0.4,89.9,5.6
1307,2017-07,74.6,83.8,0,3.4,0.07,78.1,7.2
1308,2017-07,67.1,86.9,0,6.0,0.65,72.8,9.4
1309,2017-07,66.0,82.0,0,3.7,0.0,70.8,5.2
1310,2017-07,70.1,66.4,0,3.9,0.0,75.8,7.2
1311,2017-07,72.3,81.5,0,3.1,0.0,76.7,5.9
1312,2017-07,76.9,75.7,0,3.1,0.0,83.4,6.2
1313,2017-07,70.8,60.3,0,8.2,0.0,76.2,15.0
1314,2017-07,72.3,54.2,0,4.5,0.0,81.4,7.5
1315,2017-07,77.6,56.8,0,3.1,0.0,88.6,6.9
1316,2015-11,39.4,71.5,0.0,5.8,0.0,44.5,8.4
1317,2015-12,46.2,94.0,0.0,5.8,0.25,49.7,8.8
1318,2015-12,49.7,97.2,0.0,2.4,0.13,55.0,5.8
1319,2015-12,47.3,64.6,0.0,9.0,0.0,53.5,12.7
1320,2015-12,45.5,60.3,0.0,5.0,0.0,50.8,7.9
1321,2015-12,43.7,67.5,0.0,2.7,0.0,50.7,4.2
1322,2015-12,44.2,71.4,0.0,3.0,0.0,52.6,4.6
1323,2015-12,46.4,62.8,0.0,3.4,0.0,54.7,8.5
1324,2015-12,42.4,70.0,0.0,4.5,0.0,47.0,8.5
1325,2015-12,46.0,78.9,0.0,3.9,0.0,53.4,8.9
1326,2015-12,53.7,77.8,0.0,3.4,0.0,59.8,7.1
1327,2015-12,53.8,77.8,0.0,4.2,0.0,59.6,6.7
1328,2015-12,57.2,74.9,0.0,2.0,0.0,64.3,4.6
1329,2015-12,57.8,75.3,0.0,3.4,0.0,65.3,6.7
1330,2015-12,56.3,94.4,0.0,4.9,0.2,63.2,9.1
1331,2015-12,57.6,60.9,0.0,11.4,0.05,64.0,15.6
1332,2015-12,48.0,69.1,0.0,5.0,0.0,50.4,9.9
1333,2015-12,54.1,95.3,0.0,3.5,0.9,57.0,9.2
1334,2015-12,45.3,70.2,0.0,7.3,0.0,54.5,11.6
1335,2015-12,36.3,50.3,0.0,10.9,0.0,38.4,14.6
1336,2015-12,37.9,49.5,0.0,5.7,0.0,42.1,9.3
1337,2015-12,46.2,63.2,0.0,5.1,0.0,54.1,10.3
1338,2015-12,55.9,90.0,0.0,4.2,0.06,59.8,7.8
1339,2015-12,54.3,98.0,0.0,3.6,1.18,61.3,7.6
1340,2015-12,65.2,87.4,0.0,5.6,0.0,69.3,10.7
1341,2015-12,59.0,89.2,0.0,1.8,0.02,62.5,4.5
1342,2015-12,50.3,61.2,0.0,5.9,0.0,55.5,9.4
1343,2015-12,51.8,92.5,0.0,6.8,0.02,59.8,11.3
1344,2015-12,38.3,65.1,0.6,8.3,0.03,42.8,11.6
1345,2015-12,38.8,97.0,0.9,6.7,0.44,42.7,11.1
1346,2015-12,42.3,96.1,0.0,3.7,0.17,46.3,5.8
1347,2015-12,44.5,79.7,0.0,5.9,0.02,47.0,8.7
1348,2015-12,44.5,79.7,0.0,5.9,0.02,47.0,8.7
1349,2016-01,37.7,63.0,0.0,7.5,0.0,41.0,11.5
1350,2016-01,34.4,57.8,0.0,6.2,0.0,38.9,9.6
1351,2016-01,37.1,61.0,0.0,6.8,0.0,44.4,11.9
1352,2016-01,25.3,54.9,0.0,10.3,0.0,34.2,13.1
1353,2016-01,19.4,47.8,0.0,6.4,0.0,28.3,12.4
1354,2016-01,30.4,43.1,0.0,3.9,0.0,39.9,5.9
1355,2016-01,37.2,42.0,0.0,2.4,0.0,45.5,4.4
1356,2016-01,38.3,69.1,0.0,5.5,0.0,43.5,8.5
1357,2016-01,43.5,88.3,0.0,5.9,0.0,45.8,8.1
1358,2016-01,49.8,86.6,0.0,11.4,1.52,57.8,15.2
1359,2016-01,30.5,44.6,0.0,10.0,0.0,37.0,13.8
1360,2016-01,32.4,58.2,0.0,6.5,0.01,42.7,16.4
1361,2016-01,24.0,50.0,0.0,11.6,0.0,27.5,16.9
1362,2016-01,30.0,54.0,0.0,5.5,0.0,37.5,10.2
1363,2016-01,41.2,76.5,0.0,3.0,0.0,48.5,5.7
1364,2016-01,44.6,79.0,0.0,7.3,0.21,50.4,10.8
1365,2016-01,33.4,73.1,0.6,4.9,0.03,40.7,7.5
1366,2016-01,23.4,55.7,0.5,11.9,0.0,29.4,15.0
1367,2016-01,21.5,52.8,1.0,12.7,0.0,26.9,17.5
1368,2016-01,30.0,60.1,1.0,5.8,0.0,35.9,10.6
1369,2016-01,28.7,56.2,1.0,7.4,0.0,34.7,10.7
1370,2016-01,24.7,51.7,0.6,5.9,0.03,28.0,9.1
1371,2016-01,24.8,94.7,18.4,15.0,1.3,26.8,19.1
1372,2016-01,27.0,58.2,7.1,6.7,0.03,34.3,12.4
1373,2016-01,31.6,67.9,5.8,2.6,0.0,36.2,4.3
1374,2016-01,39.5,74.1,4.8,4.2,0.0,45.4,6.2
1375,2016-01,40.1,58.3,2.4,5.9,0.0,44.1,9.7
1376,2016-01,35.1,63.2,1.0,3.1,0.0,41.4,6.2
1377,2016-01,35.5,64.2,1.0,6.9,0.0,39.9,13.2
1378,2016-01,32.5,60.5,1.0,5.3,0.0,38.0,8.6
1379,2016-01,42.1,67.6,1.0,3.7,0.0,52.4,5.5
1380,2016-01,42.1,67.6,1.0,3.7,0.0,52.4,5.5
1381,2016-02,48.8,63.1,0.0,4.9,0.0,58.6,8.2
1382,2016-02,42.8,57.9,0.0,3.2,0.0,49.8,6.2
1383,2016-02,49.6,90.7,0.0,7.2,0.63,55.9,15.4
1384,2016-02,50.8,70.3,0.0,5.3,0.0,56.6,10.9
1385,2016-02,34.2,74.0,3.7,8.5,0.39,41.7,12.2
1386,2016-02,34.3,59.8,1.0,4.1,0.0,39.4,6.6
1387,2016-02,37.5,63.5,1.0,3.4,0.0,45.1,9.7
1388,2016-02,32.7,79.1,0.9,8.2,0.0,37.3,11.4
1389,2016-02,30.4,82.8,0.8,3.8,0.0,35.0,8.1
1390,2016-02,33.3,73.5,1.0,6.8,0.0,37.7,10.5
1391,2016-02,22.3,46.6,1.0,12.1,0.0,28.6,15.4
1392,2016-02,19.9,49.8,1.0,5.7,0.0,24.9,9.9
1393,2016-02,15.9,47.6,0.9,14.6,0.0,22.2,22.3
1394,2016-02,9.0,37.9,3.9,8.6,0.16,15.9,15.2
1395,2016-02,22.4,67.0,19.3,4.2,4.22,34.8,6.8
1396,2016-02,45.1,90.1,1.8,10.9,0.78,52.7,23.9
1397,2016-02,36.5,71.2,1.0,6.8,0.0,38.6,9.7
1398,2016-02,29.5,47.2,0.9,7.9,0.0,34.0,10.7
1399,2016-02,30.1,61.8,0.6,5.0,0.0,37.1,8.0
1400,2016-02,49.7,56.2,0.0,8.1,0.0,60.3,12.3
1401,2016-02,49.9,58.0,0.0,4.5,0.06,54.7,8.6
1402,2016-02,43.1,57.0,0.0,4.1,0.0,51.0,7.7
1403,2016-02,36.0,83.4,0.4,9.6,0.17,39.1,15.2
1404,2016-02,44.6,97.9,0.1,11.0,0.89,58.0,21.2
1405,2016-02,46.9,79.7,0.0,10.8,0.03,57.8,14.1
1406,2016-02,32.3,45.5,0.0,11.6,0.0,36.3,15.2
1407,2016-02,33.3,48.6,0.0,6.3,0.0,40.0,9.5
1408,2016-02,47.2,48.2,0.0,7.8,0.0,59.2,11.1
1409,2016-02,49.9,55.6,0.0,8.7,0.04,59.0,15.4
1410,2016-02,49.9,55.6,0.0,8.7,0.04,59.0,15.4
1411,2016-03,44.4,58.7,0.0,6.7,0.0,50.4,10.4
1412,2016-03,41.0,55.4,0.0,12.3,0.13,52.9,17.3
1413,2016-03,30.6,45.1,0.0,4.8,0.0,35.1,9.2
1414,2016-03,32.5,74.8,0.9,7.1,0.01,37.6,11.3
1415,2016-03,33.5,51.9,0.0,4.5,0.0,39.4,8.6
1416,2016-03,37.1,46.5,0.0,3.1,0.0,43.4,6.1
1417,2016-03,46.8,60.8,0.0,6.7,0.0,58.7,11.7
1418,2016-03,51.9,62.1,0.0,4.0,0.0,63.4,10.0
1419,2016-03,59.4,58.2,0.0,4.2,0.0,72.1,9.1
1420,2016-03,69.2,48.3,0.0,5.2,0.0,77.1,8.6
1421,2016-03,57.3,60.6,0.0,7.5,0.04,66.6,12.1
1422,2016-03,49.0,59.3,0.0,5.6,0.0,55.4,9.9
1423,2016-03,54.9,50.2,0.0,4.8,0.01,62.2,9.4
1424,2016-03,44.0,83.3,0.0,10.9,0.25,51.3,14.1
1425,2016-03,49.4,84.9,0.0,5.8,0.0,55.7,13.0
1426,2016-03,52.7,78.0,0.0,3.5,0.02,61.8,7.6
1427,2016-03,51.9,65.7,0.0,5.3,0.02,62.4,14.3
1428,2016-03,49.5,43.6,0.0,9.2,0.0,55.7,16.8
1429,2016-03,41.2,38.4,0.0,4.0,0.0,45.7,7.9
1430,2016-03,35.4,55.9,0.5,7.2,0.04,39.3,10.6
1431,2016-03,39.2,57.1,1.3,8.3,0.03,47.9,16.6
1432,2016-03,44.8,44.3,0.0,7.5,0.0,54.2,10.3
1433,2016-03,57.1,43.7,0.0,6.4,0.0,69.6,10.4
1434,2016-03,47.1,76.1,0.0,7.8,0.0,52.8,11.2
1435,2016-03,57.5,71.9,0.0,6.0,0.05,70.6,9.3
1436,2016-03,43.7,67.0,0.0,5.7,0.0,51.2,10.7
1437,2016-03,45.2,74.3,0.0,4.9,0.0,52.3,10.6
1438,2016-03,48.2,76.6,0.0,9.9,0.29,60.0,21.4
1439,2016-03,46.1,37.7,0.0,14.4,0.0,51.8,20.4
1440,2016-03,44.4,43.5,0.0,6.7,0.0,50.7,14.2
1441,2016-03,59.5,64.1,0.0,9.4,0.0,70.6,15.7
1442,2016-03,59.5,64.1,0.0,9.4,0.0,70.6,15.7
1443,2016-04,66.2,75.5,0.0,7.5,0.04,77.4,12.3
1444,2016-04,52.3,74.3,0.0,5.0,0.15,58.7,14.4
1445,2016-04,37.5,44.8,0.0,13.2,0.05,42.5,22.3
1446,2016-04,37.4,81.1,0.0,6.9,0.44,43.3,11.3
1447,2016-04,32.6,40.3,0.0,9.5,0.0,40.8,14.2
1448,2016-04,39.0,51.0,0.0,6.9,0.0,46.1,15.6
1449,2016-04,52.7,79.3,0.0,9.7,0.09,57.4,17.9
1450,2016-04,44.5,52.8,0.0,8.4,0.0,47.6,14.2
1451,2016-04,38.5,65.7,0.0,6.1,0.05,41.7,11.6
1452,2016-04,40.1,44.8,0.0,6.7,0.0,48.2,11.4
1453,2016-04,51.8,67.8,0.0,8.3,0.02,60.9,10.5
1454,2016-04,51.5,63.2,0.0,7.9,0.15,57.0,11.8
1455,2016-04,46.7,49.2,0.0,4.0,0.0,54.7,8.4
1456,2016-04,49.1,52.2,0.0,4.6,0.0,59.3,9.0
1457,2016-04,50.4,53.3,0.0,3.8,0.0,62.1,8.3
1458,2016-04,52.3,45.9,0.0,5.4,0.0,65.4,9.9
1459,2016-04,56.3,47.1,0.0,3.6,0.0,71.3,10.0
1460,2016-04,64.0,35.2,0.0,4.7,0.0,78.5,10.2
1461,2016-04,63.3,32.2,0.0,8.3,0.0,69.2,13.1
1462,2016-04,56.7,30.3,0.0,6.0,0.0,66.1,9.8
1463,2016-04,61.3,45.1,0.0,6.3,0.0,71.6,11.0
1464,2016-04,70.0,59.0,0.0,5.4,0.0,77.9,9.4
1465,2016-04,62.5,62.8,0.0,6.8,0.15,68.3,10.9
1466,2016-04,54.7,36.9,0.0,5.6,0.0,67.0,12.1
1467,2016-04,58.3,58.0,0.0,3.5,0.0,65.7,6.9
1468,2016-04,52.9,86.6,0.0,6.3,0.24,59.6,11.2
1469,2016-04,51.7,71.0,0.0,4.9,0.0,58.2,10.2
1470,2016-04,51.0,50.8,0.0,4.6,0.0,56.5,10.1
1471,2016-04,50.7,55.9,0.0,5.0,0.04,55.3,9.3
1472,2016-04,52.5,61.0,0.0,4.2,0.0,60.4,8.5
1473,2016-04,52.5,61.0,0.0,4.2,0.0,60.4,8.5
1474,2016-05,47.6,84.1,0.0,4.3,0.12,50.1,6.8
1475,2016-05,51.7,90.8,0.0,2.7,0.06,59.5,4.7
1476,2016-05,52.2,95.8,0.0,4.9,0.51,54.1,7.6
1477,2016-05,49.5,90.0,0.0,6.0,0.01,50.9,9.1
1478,2016-05,51.6,78.3,0.0,7.8,0.0,57.0,10.6
1479,2016-05,49.6,93.1,0.0,8.1,0.51,52.3,11.4
1480,2016-05,51.9,90.3,0.0,3.4,0.01,57.3,5.9
1481,2016-05,56.2,61.6,0.0,6.4,0.14,63.9,16.9
1482,2016-05,61.8,39.5,0.0,7.4,0.0,71.6,15.5
1483,2016-05,56.7,41.9,0.0,4.8,0.0,62.7,10.3
1484,2016-05,63.5,48.3,0.0,4.7,0.01,72.9,10.4
1485,2016-05,65.2,52.4,0.0,4.3,0.08,75.8,7.3
1486,2016-05,61.5,87.7,0.0,3.4,0.17,64.6,6.7
1487,2016-05,63.7,67.8,0.0,6.6,0.0,72.4,14.4
1488,2016-05,50.8,53.4,0.0,10.2,0.0,55.4,14.1
1489,2016-05,54.5,39.9,0.0,10.3,0.0,65.8,15.6
1490,2016-05,58.6,56.8,0.0,5.6,0.0,66.2,9.0
1491,2016-05,58.0,56.6,0.0,5.0,0.01,65.5,10.1
1492,2016-05,60.5,56.4,0.0,4.3,0.0,69.2,13.0
1493,2016-05,64.6,44.1,0.0,4.3,0.0,74.9,9.8
1494,2016-05,60.1,60.7,0.0,3.6,0.1,64.8,7.3
1495,2016-05,60.8,70.4,0.0,4.6,0.06,69.1,9.1
1496,2016-05,64.8,63.4,0.0,4.2,0.02,74.2,10.1
1497,2016-05,65.5,70.3,0.0,3.4,0.09,73.3,7.6
1498,2016-05,76.2,41.7,0.0,5.0,0.04,88.4,9.7
1499,2016-05,78.7,41.8,0.0,5.4,0.0,89.3,12.4
1500,2016-05,76.6,63.0,0.0,5.2,0.0,83.7,9.0
1501,2016-05,80.6,56.8,0.0,5.9,0.0,90.0,13.4
1502,2016-05,76.0,62.0,0.0,5.7,0.02,84.3,10.4
1503,2016-05,73.4,85.8,0.0,4.7,1.27,79.8,9.2
1504,2016-05,75.7,71.4,0.0,5.0,0.0,82.0,11.1
1505,2016-05,75.7,71.4,0.0,5.0,0.0,82.0,11.1
1506,2016-06,74.3,52.4,0.0,4.7,0.03,81.9,7.8
1507,2016-06,67.1,76.5,0.0,4.2,0.0,74.3,6.9
1508,2016-06,66.1,85.5,0.0,2.7,0.02,69.5,4.9
1509,2016-06,72.4,78.9,0.0,4.3,0.21,82.2,9.3
1510,2016-06,67.6,90.7,0.0,5.3,0.75,71.7,14.0
1511,2016-06,76.0,60.8,0.0,7.1,0.0,84.1,11.6
1512,2016-06,75.0,52.9,0.0,6.5,0.03,84.9,11.8
1513,2016-06,60.7,62.8,0.0,8.1,0.53,67.2,14.9
1514,2016-06,63.0,43.3,0.0,10.5,0.0,71.5,16.5
1515,2016-06,67.5,34.3,0.0,6.8,0.0,77.0,11.6
1516,2016-06,76.0,52.0,0.0,5.6,0.0,89.3,14.2
1517,2016-06,75.5,45.5,0.0,11.7,0.0,83.6,16.9
1518,2016-06,65.3,52.9,0.0,8.9,0.0,72.9,12.0
1519,2016-06,69.8,42.5,0.0,5.9,0.0,79.1,9.1
1520,2016-06,74.7,44.0,0.0,4.3,0.0,84.4,10.3
1521,2016-06,71.0,69.3,0.0,2.3,0.1,74.4,6.3
1522,2016-06,69.4,59.5,0.0,5.4,0.0,75.6,10.3
1523,2016-06,73.3,47.5,0.0,4.3,0.02,84.8,12.5
1524,2016-06,73.3,56.5,0.0,4.7,0.0,85.9,10.7
1525,2016-06,74.8,64.8,0.0,4.7,0.0,81.0,9.2
1526,2016-06,79.8,44.0,0.0,6.0,0.0,87.6,11.6
1527,2016-06,77.9,38.2,0.0,5.7,0.0,84.4,15.3
1528,2016-06,74.9,57.8,0.0,3.0,0.0,82.2,7.7
1529,2016-06,74.1,58.0,0.0,5.6,0.0,81.3,9.5
1530,2016-06,73.3,57.1,0.0,4.8,0.04,81.6,9.3
1531,2016-06,75.1,53.2,0.0,5.1,0.14,83.0,11.5
1532,2016-06,73.4,70.0,0.0,7.0,0.35,79.6,11.5
1533,2016-06,71.2,90.7,0.0,4.6,0.25,74.6,6.4
1534,2016-06,75.6,65.5,0.0,4.4,0.0,83.8,9.0
1535,2016-06,76.5,55.0,0.0,4.7,0.0,84.9,12.9
1536,2016-06,76.5,55.0,0.0,4.7,0.0,84.9,12.9
1537,2016-07,73.7,78.4,0.0,5.4,0.71,78.9,12.6
1538,2016-07,71.8,54.6,0.0,7.3,0.0,76.3,11.6
1539,2016-07,73.7,49.7,0.0,4.8,0.0,79.6,10.5
1540,2016-07,73.9,66.5,0.0,5.6,0.33,82.8,12.3
1541,2016-07,78.9,72.2,0.0,4.0,0.28,87.6,7.6
1542,2016-07,84.1,59.0,0.0,5.0,0.0,91.7,11.4
1543,2016-07,83.0,68.2,0.0,3.9,0.04,91.2,13.3
1544,2016-07,77.2,77.9,0.0,5.7,0.05,85.8,11.0
1545,2016-07,68.4,86.6,0.0,4.8,0.38,71.7,7.3
1546,2016-07,73.8,70.3,0.0,5.7,0.0,80.8,11.4
1547,2016-07,73.1,64.6,0.0,4.3,0.0,81.4,7.0
1548,2016-07,75.1,69.5,0.0,6.1,0.0,81.7,11.2
1549,2016-07,76.6,74.7,0.0,5.3,0.02,83.5,9.9
1550,2016-07,80.4,80.5,0.0,4.7,0.4,88.1,9.0
1551,2016-07,85.5,57.7,0.0,5.3,0.01,92.0,11.3
1552,2016-07,81.3,59.8,0.0,4.6,0.18,90.3,10.6
1553,2016-07,82.8,57.0,0.0,3.7,0.01,91.1,11.4
1554,2016-07,82.0,64.2,0.0,5.3,0.28,93.6,10.3
1555,2016-07,78.6,46.4,0.0,6.9,0.0,82.9,12.1
1556,2016-07,76.4,48.5,0.0,4.7,0.0,83.4,9.6
1557,2016-07,79.8,58.1,0.0,6.7,0.0,88.6,13.8
1558,2016-07,84.8,59.6,0.0,8.3,0.0,94.7,11.9
1559,2016-07,88.1,39.7,0.0,7.4,0.0,94.9,11.5
1560,2016-07,83.8,50.1,0.0,4.5,0.03,93.1,11.7
1561,2016-07,80.7,73.8,0.0,4.8,1.18,92.1,10.3
1562,2016-07,82.3,59.0,0.0,6.2,0.0,90.5,12.5
1563,2016-07,82.8,54.0,0.0,4.0,0.01,91.1,10.6
1564,2016-07,82.6,64.8,0.0,4.5,0.03,92.9,12.3
1565,2016-07,76.7,79.2,0.0,4.5,0.71,84.3,8.2
1566,2016-07,77.0,82.9,0.0,3.8,0.31,83.4,10.9
1567,2016-07,75.5,88.4,0.0,5.0,0.73,79.0,7.9
1568,2016-07,75.5,88.4,0.0,5.0,0.73,79.0,7.9
1569,2016-08,73.1,81.2,0.0,4.9,0.0,78.6,6.6
1570,2016-08,72.8,70.2,0.0,4.8,0.0,77.4,8.5
1571,2016-08,72.8,65.6,0.0,4.2,0.0,79.8,8.3
1572,2016-08,73.8,65.8,0.0,4.3,0.0,80.5,9.2
1573,2016-08,76.2,63.8,0.0,5.8,0.0,82.8,11.4
1574,2016-08,79.6,69.7,0.0,5.0,0.1,88.7,8.7
1575,2016-08,79.8,48.3,0.0,5.5,0.0,87.4,11.3
1576,2016-08,78.8,54.1,0.0,3.8,0.0,85.4,7.6
1577,2016-08,79.0,60.4,0.0,5.7,0.02,86.7,11.9
1578,2016-08,81.7,76.8,0.0,5.6,0.09,88.0,9.4
1579,2016-08,85.4,68.8,0.0,5.3,0.19,94.9,13.4
1580,2016-08,84.1,71.9,0.0,5.2,0.26,94.8,13.5
1581,2016-08,88.1,67.5,0.0,4.8,0.0,97.3,11.9
1582,2016-08,87.0,62.2,0.0,5.2,0.03,94.6,10.9
1583,2016-08,84.1,62.2,0.0,3.8,0.0,91.3,8.3
1584,2016-08,83.6,72.9,0.0,5.8,0.11,88.2,12.7
1585,2016-08,80.6,62.2,0.0,7.0,0.06,84.9,11.1
1586,2016-08,79.5,66.6,0.0,2.4,0.03,85.4,5.5
1587,2016-08,80.1,66.6,0.0,3.8,0.0,87.5,8.7
1588,2016-08,78.9,72.7,0.0,4.7,0.27,83.8,9.4
1589,2016-08,79.4,76.8,0.0,7.0,0.21,86.6,12.1
1590,2016-08,72.7,56.2,0.0,8.1,0.0,78.8,13.2
1591,2016-08,72.3,54.1,0.0,3.4,0.0,81.6,6.5
1592,2016-08,76.5,61.3,0.0,4.5,0.0,85.9,9.4
1593,2016-08,77.4,70.7,0.0,5.5,0.0,84.6,9.9
1594,2016-08,82.7,63.7,0.0,5.5,0.0,90.4,9.6
1595,2016-08,79.6,55.0,0.0,4.6,0.04,87.3,10.4
1596,2016-08,78.3,65.8,0.0,3.8,0.07,86.1,8.7
1597,2016-08,81.2,54.9,0.0,5.6,0.0,89.9,9.8
1598,2016-08,76.7,63.2,0.0,4.0,0.0,83.4,6.7
1599,2016-08,79.5,70.4,0.0,4.3,0.0,86.6,7.0
1600,2015-01,18.1,51.9,5.4,10.4,0.0,25.4,14.1
1601,2015-02,28.8,67.0,5.0,3.7,0.02,35.1,5.8
1602,2015-02,25.5,89.0,9.6,6.9,0.94,32.3,11.6
1603,2015-02,19.1,67.4,9.5,4.4,0.0,24.4,6.1
1604,2015-02,31.4,74.8,9.3,2.1,0.0,38.5,3.8
1605,2015-02,26.4,59.2,8.5,8.4,0.0,37.9,13.7
1606,2015-02,18.3,55.3,8.1,5.5,0.0,26.3,11.2
1607,2015-02,30.1,66.5,8.1,2.8,0.0,37.1,5.6
1608,2015-02,34.0,86.7,7.5,5.1,0.0,36.1,7.7
1609,2015-02,25.5,86.8,7.7,7.4,0.07,27.6,8.9
1610,2015-02,30.3,75.0,7.7,6.9,0.0,37.9,9.0
1611,2015-02,27.2,60.4,7.0,4.6,0.0,33.0,8.7
1612,2015-02,29.8,69.2,6.5,5.7,0.0,37.9,12.7
1613,2015-02,13.4,46.8,5.2,8.2,0.0,20.2,11.5
1614,2015-02,22.8,71.7,5.1,2.8,0.0,30.2,5.8
1615,2015-02,13.1,56.8,5.2,13.9,0.0,23.5,16.6
1616,2015-02,12.2,43.0,4.7,6.3,0.0,20.1,10.8
1617,2015-02,20.4,72.2,7.9,3.2,0.06,27.5,6.4
1618,2015-02,22.9,71.5,7.7,3.2,0.0,30.8,7.8
1619,2015-02,16.2,49.0,7.0,10.4,0.0,23.1,15.2
1620,2015-02,9.8,45.2,6.5,8.9,0.0,18.5,12.4
1621,2015-02,21.1,73.7,10.1,3.3,0.48,31.6,6.8
1622,2015-02,35.6,83.3,11.1,2.0,0.05,41.8,4.0
1623,2015-02,21.1,48.2,9.3,8.5,0.0,36.7,11.9
1624,2015-02,13.6,57.6,8.9,4.2,0.0,22.0,6.9
1625,2015-02,28.4,56.7,8.6,4.8,0.0,36.7,11.8
1626,2015-02,23.6,60.0,7.6,5.6,0.0,29.3,8.2
1627,2015-02,21.8,53.0,7.3,4.5,0.0,29.0,6.3
1628,2015-02,20.0,47.6,6.9,3.0,0.0,29.3,5.3
1629,2015-02,20.0,47.6,6.9,3.0,0.0,29.3,5.3
1630,2015-03,24.4,71.6,10.5,1.7,0.42,29.4,5.6
1631,2015-03,32.0,62.4,10.5,7.1,0.0,37.1,13.4
1632,2015-03,27.4,72.9,15.3,4.0,0.51,34.9,7.2
1633,2015-03,39.7,89.9,15.2,3.5,0.21,44.4,4.8
1634,2015-03,27.0,87.2,18.2,5.4,0.73,41.1,9.3
1635,2015-03,20.3,57.7,18.2,3.8,0.0,27.7,8.3
1636,2015-03,28.4,57.2,17.9,4.7,0.0,37.6,9.0
1637,2015-03,40.5,56.7,16.9,4.6,0.0,48.3,11.9
1638,2015-03,44.1,55.5,14.6,4.1,0.0,54.1,7.8
1639,2015-03,43.8,75.1,12.2,2.0,0.29,51.1,3.0
1640,2015-03,49.7,66.2,9.9,5.1,0.0,56.6,8.9
1641,2015-03,42.3,29.5,6.9,9.2,0.0,46.7,13.6
1642,2015-03,37.0,44.5,1.0,4.1,0.0,41.3,7.2
1643,2015-03,44.4,91.2,0.7,3.3,0.69,49.3,5.9
1644,2015-03,41.3,64.9,0.0,10.8,0.0,44.6,16.9
1645,2015-03,42.5,60.1,0.0,3.0,0.0,50.7,7.3
1646,2015-03,45.0,55.9,0.1,9.2,0.0,56.6,19.0
1647,2015-03,32.8,40.9,0.1,9.8,0.0,37.3,15.7
1648,2015-03,34.4,32.7,0.0,6.0,0.0,41.9,9.9
1649,2015-03,31.9,67.6,3.2,4.8,0.29,36.1,7.8
1650,2015-03,38.2,79.4,1.9,3.9,0.0,46.0,9.4
1651,2015-03,35.5,42.6,1.0,8.9,0.0,41.6,11.9
1652,2015-03,30.1,37.9,0.0,7.7,0.0,37.1,10.5
1653,2015-03,34.0,41.0,0.0,3.5,0.0,43.5,5.1
1654,2015-03,38.1,68.1,0.0,3.3,0.06,46.6,9.7
1655,2015-03,47.3,94.9,0.0,2.8,0.32,56.4,8.4
1656,2015-03,42.3,75.2,0.0,5.1,0.31,45.7,8.7
1657,2015-03,34.2,61.0,0.0,8.5,0.0,38.9,9.9
1658,2015-03,35.4,35.2,0.0,5.8,0.0,45.5,9.1
1659,2015-03,43.3,55.2,0.0,7.7,0.0,52.6,13.8
1660,2015-03,39.4,73.6,0.2,4.8,0.16,46.3,6.5
1661,2015-03,39.4,73.6,0.2,4.8,0.16,46.3,6.5
1662,2015-04,41.0,47.3,0.0,5.5,0.0,50.6,9.8
1663,2015-04,51.7,44.9,0.0,6.1,0.0,64.4,11.6
1664,2015-04,58.8,76.2,0.0,4.6,0.02,62.1,7.8
1665,2015-04,49.5,50.7,0.0,11.2,0.0,56.4,18.6
1666,2015-04,50.1,43.2,0.0,6.1,0.0,61.6,16.2
1667,2015-04,51.8,62.8,0.0,3.4,0.0,61.0,6.1
1668,2015-04,50.0,78.5,0.0,5.5,0.08,55.5,8.4
1669,2015-04,41.7,74.0,0.0,8.2,0.0,44.4,10.3
1670,2015-04,39.4,89.2,0.0,5.9,0.0,42.3,8.2
1671,2015-04,47.8,92.0,0.0,4.2,0.14,56.2,6.7
1672,2015-04,52.4,48.3,0.0,8.6,0.0,56.3,15.2
1673,2015-04,51.8,49.2,0.0,3.4,0.0,64.8,10.3
1674,2015-04,56.8,56.2,0.0,5.9,0.0,65.5,10.8
1675,2015-04,59.4,55.4,0.0,4.0,0.0,65.0,9.7
1676,2015-04,60.1,25.3,0.0,7.7,0.0,69.8,12.1
1677,2015-04,54.8,40.2,0.0,5.8,0.0,60.3,8.5
1678,2015-04,61.5,73.5,0.0,6.0,0.07,70.2,9.3
1679,2015-04,67.1,41.3,0.0,5.8,0.0,78.1,12.2
1680,2015-04,52.8,47.5,0.0,7.3,0.0,59.4,11.2
1681,2015-04,51.7,95.0,0.0,8.2,1.18,55.7,14.3
1682,2015-04,58.3,58.3,0.0,7.2,0.19,64.8,12.9
1683,2015-04,55.1,56.2,0.0,7.8,0.05,65.7,18.3
1684,2015-04,43.8,51.0,0.0,10.4,0.0,48.7,15.4
1685,2015-04,41.7,44.2,0.0,12.2,0.0,48.5,15.4
1686,2015-04,47.9,43.8,0.0,5.7,0.0,59.0,10.0
1687,2015-04,52.9,41.9,0.0,5.7,0.0,60.2,12.3
1688,2015-04,53.5,46.3,0.0,8.9,0.0,59.8,12.5
1689,2015-04,58.9,45.7,0.0,8.5,0.0,68.6,13.1
1690,2015-04,61.5,48.9,0.0,6.9,0.0,75.0,13.2
1691,2015-04,53.7,62.8,0.0,7.3,0.0,61.9,11.3
1692,2015-04,53.7,62.8,0.0,7.3,0.0,61.9,11.3
1693,2015-05,51.4,68.7,0.0,5.2,0.0,58.3,11.6
1694,2015-05,54.1,64.2,0.0,4.0,0.0,67.7,12.1
1695,2015-05,61.7,49.8,0.0,4.6,0.0,74.7,13.3
1696,2015-05,70.1,44.6,0.0,5.9,0.0,82.2,12.7
1697,2015-05,71.8,50.7,0.0,4.3,0.0,81.8,9.3
1698,2015-05,64.7,46.6,0.0,4.8,0.0,68.6,8.1
1699,2015-05,64.2,58.7,0.0,4.7,0.0,76.1,11.6
1700,2015-05,65.4,69.9,0.0,5.1,0.0,76.1,10.1
1701,2015-05,60.9,88.3,0.0,3.5,0.0,67.4,5.7
1702,2015-05,70.3,79.4,0.0,5.5,0.0,80.1,9.6
1703,2015-05,72.4,80.8,0.0,6.2,0.12,80.1,11.1
1704,2015-05,75.2,59.8,0.0,8.8,0.0,84.4,15.4
1705,2015-05,60.0,47.9,0.0,10.1,0.0,66.8,15.0
1706,2015-05,60.2,41.5,0.0,5.4,0.0,70.7,10.7
1707,2015-05,62.5,47.3,0.0,6.0,0.0,72.5,12.4
1708,2015-05,66.2,75.1,0.0,3.8,0.3,74.2,7.1
1709,2015-05,73.4,76.7,0.0,3.0,0.02,82.0,8.5
1710,2015-05,62.6,83.4,0.0,4.9,0.0,69.7,9.6
1711,2015-05,65.7,82.3,0.0,4.2,0.04,78.4,12.1
1712,2015-05,58.3,50.2,0.0,9.4,0.0,63.4,13.8
1713,2015-05,55.6,57.3,0.0,5.0,0.0,61.2,10.5
1714,2015-05,63.3,46.3,0.0,8.1,0.0,72.5,12.9
1715,2015-05,57.8,37.8,0.0,6.6,0.0,68.8,14.1
1716,2015-05,67.2,47.2,0.0,5.9,0.0,79.3,9.1
1717,2015-05,73.4,56.1,0.0,6.8,0.0,83.8,11.7
1718,2015-05,75.2,60.0,0.0,8.3,0.0,85.2,13.0
1719,2015-05,73.3,76.7,0.0,6.5,0.2,81.2,12.6
1720,2015-05,74.9,70.9,0.0,5.5,0.0,83.4,11.3
1721,2015-05,71.4,61.9,0.0,5.0,0.0,80.1,9.3
1722,2015-05,73.7,72.4,0.0,7.8,0.0,81.7,13.4
1723,2015-05,71.3,80.3,0.0,7.4,1.41,84.3,13.1
1724,2015-05,71.3,80.3,0.0,7.4,1.41,84.3,13.1
1725,2015-06,54.6,97.2,0.0,8.9,0.97,57.8,11.2
1726,2015-06,51.9,95.4,0.0,5.7,0.3,54.3,8.8
1727,2015-06,58.4,78.3,0.0,4.7,0.0,67.4,9.0
1728,2015-06,58.2,75.6,0.0,5.4,0.0,64.7,8.1
1729,2015-06,60.3,81.4,0.0,3.0,0.04,68.3,5.3
1730,2015-06,66.7,63.8,0.0,6.1,0.18,74.8,12.9
1731,2015-06,63.6,53.8,0.0,6.2,0.0,71.3,10.9
1732,2015-06,68.9,75.3,0.0,8.4,0.12,76.3,11.6
1733,2015-06,73.6,71.1,0.0,6.7,0.03,83.3,13.3
1734,2015-06,74.1,59.4,0.0,5.5,0.0,80.4,11.1
1735,2015-06,81.6,59.0,0.0,6.5,0.0,91.1,9.9
1736,2015-06,81.3,59.7,0.0,5.7,0.0,86.6,10.1
1737,2015-06,78.9,53.8,0.0,6.9,0.0,85.0,11.4
1738,2015-06,75.9,60.2,0.0,5.2,0.37,85.6,11.8
1739,2015-06,69.0,92.9,0.0,5.4,0.87,80.7,14.0
1740,2015-06,70.8,84.5,0.0,4.2,0.19,78.0,7.3
1741,2015-06,71.1,67.1,0.0,5.8,0.0,79.0,10.0
1742,2015-06,66.1,83.4,0.0,5.4,0.0,69.0,8.4
1743,2015-06,76.4,67.5,0.0,4.4,0.0,86.2,11.4
1744,2015-06,67.9,80.2,0.0,5.8,0.02,72.4,9.4
1745,2015-06,77.9,76.7,0.0,7.1,0.39,88.2,13.3
1746,2015-06,80.1,55.5,0.0,6.6,0.0,87.2,9.8
1747,2015-06,82.0,67.3,0.0,8.0,0.06,90.6,13.0
1748,2015-06,75.7,50.1,0.0,6.3,0.0,83.0,9.7
1749,2015-06,75.2,48.4,0.0,4.3,0.0,83.2,9.3
1750,2015-06,73.3,63.3,0.0,5.7,0.0,78.9,10.2
1751,2015-06,65.9,74.1,0.0,7.3,1.0,70.7,12.3
1752,2015-06,66.6,84.6,0.0,5.4,0.17,73.0,11.0
1753,2015-06,70.4,62.5,0.0,5.9,0.0,76.7,8.8
1754,2015-06,73.7,69.3,0.0,7.5,0.02,80.2,14.6
1755,2015-06,73.7,69.3,0.0,7.5,0.02,80.2,14.6
1756,2015-07,76.2,67.7,0.0,6.8,0.69,83.2,11.7
1757,2015-07,73.8,62.3,0.0,3.1,0.0,79.9,7.5
1758,2015-07,73.2,56.1,0.0,5.3,0.0,82.1,9.7
1759,2015-07,71.8,64.8,0.0,3.4,0.0,76.2,7.1
1760,2015-07,75.2,66.4,0.0,4.2,0.0,84.1,10.3
1761,2015-07,76.1,73.0,0.0,4.9,0.0,81.9,8.4
1762,2015-07,80.0,75.4,0.0,5.7,0.05,85.5,12.3
1763,2015-07,79.9,74.1,0.0,4.5,0.06,88.8,10.2
1764,2015-07,72.6,79.9,0.0,3.8,0.38,77.6,7.8
1765,2015-07,76.9,60.2,0.0,5.8,0.0,83.6,9.5
1766,2015-07,78.0,51.6,0.0,4.3,0.0,86.3,7.4
1767,2015-07,79.9,54.1,0.0,3.8,0.0,88.5,7.7
1768,2015-07,78.0,59.3,0.0,4.6,0.0,84.4,9.1
1769,2015-07,75.6,81.0,0.0,3.9,0.19,78.9,8.4
1770,2015-07,75.9,75.6,0.0,5.2,0.08,80.9,12.6
1771,2015-07,71.3,52.0,0.0,4.9,0.0,79.8,8.6
1772,2015-07,72.5,67.9,0.0,6.6,0.0,78.3,10.9
1773,2015-07,77.5,76.9,0.0,5.9,0.22,84.6,9.6
1774,2015-07,85.3,65.0,0.0,5.1,0.0,92.1,10.8
1775,2015-07,87.6,55.7,0.0,5.7,0.0,93.8,9.3
1776,2015-07,82.4,55.9,0.0,5.3,0.0,89.5,12.1
1777,2015-07,76.0,43.9,0.0,7.8,0.0,83.1,12.1
1778,2015-07,75.7,42.7,0.0,5.4,0.0,82.8,9.3
1779,2015-07,77.4,42.3,0.0,4.1,0.0,84.4,7.7
1780,2015-07,77.1,53.1,0.0,5.2,0.0,83.7,10.2
1781,2015-07,79.6,57.6,0.0,7.9,0.02,86.6,14.3
1782,2015-07,78.1,70.2,0.0,5.4,0.1,83.6,11.2
1783,2015-07,83.1,61.3,0.0,3.6,0.0,92.2,8.2
1784,2015-07,85.3,57.6,0.0,5.1,0.0,93.2,11.1
1785,2015-07,79.3,82.2,0.0,5.3,0.87,85.3,11.8
1786,2015-07,81.4,48.6,0.0,5.8,0.0,88.8,11.2
1787,2015-07,81.4,48.6,0.0,5.8,0.0,88.8,11.2
1788,2015-08,81.2,46.7,0.0,6.2,0.0,88.5,11.7
1789,2015-08,79.4,50.0,0.0,4.8,0.0,87.3,11.5
1790,2015-08,82.4,49.4,0.0,6.8,0.0,90.3,13.2
1791,2015-08,80.8,53.8,0.0,6.8,0.3,89.7,13.1
1792,2015-08,78.0,49.8,0.0,5.6,0.0,86.0,11.6
1793,2015-08,75.4,47.3,0.0,3.7,0.0,81.9,7.2
1794,2015-08,75.2,52.8,0.0,5.6,0.0,81.5,10.2
1795,2015-08,74.3,56.9,0.0,4.4,0.0,80.8,8.1
1796,2015-08,74.4,61.2,0.0,4.9,0.0,82.4,10.6
1797,2015-08,74.5,66.2,0.0,6.4,0.0,79.0,11.4
1798,2015-08,74.4,81.8,0.0,6.0,0.83,79.6,10.1
1799,2015-08,76.0,59.2,0.0,6.4,0.0,84.0,9.9
1800,2015-08,75.0,49.2,0.0,4.6,0.0,82.4,7.4
1801,2015-08,77.1,51.7,0.0,5.1,0.0,87.2,13.6
1802,2015-08,81.1,56.3,0.0,4.5,0.0,91.6,13.6
1803,2015-08,82.1,58.3,0.0,3.1,0.03,90.3,8.9
1804,2015-08,84.1,56.3,0.0,4.5,0.0,93.1,10.9
1805,2015-08,80.7,67.8,0.0,6.0,0.27,90.4,11.9
1806,2015-08,79.1,79.4,0.0,6.6,0.0,84.2,11.8
1807,2015-08,79.3,78.8,0.0,8.3,0.02,83.2,14.4
1808,2015-08,77.9,62.7,0.0,6.1,0.27,86.3,12.0
1809,2015-08,74.9,49.6,0.0,4.8,0.0,83.1,7.8
1810,2015-08,75.2,71.0,0.0,4.2,0.0,82.5,7.2
1811,2015-08,77.7,67.7,0.0,4.5,0.0,84.8,10.2
1812,2015-08,79.7,59.6,0.0,5.4,0.0,86.7,11.0
1813,2015-08,74.3,49.2,0.0,5.5,0.0,82.0,9.1
1814,2015-08,71.8,55.0,0.0,5.8,0.0,78.6,9.4
1815,2015-08,72.1,54.1,0.0,3.6,0.0,79.9,7.7
1816,2015-08,75.0,57.3,0.0,4.8,0.0,84.2,12.1
1817,2015-08,78.8,64.0,0.0,4.8,0.05,87.2,11.6
1818,2015-08,82.5,60.4,0.0,5.5,0.0,90.8,11.0
1819,2015-08,82.5,60.4,0.0,5.5,0.0,90.8,11.0
1820,2015-09,79.8,63.9,0.0,3.9,0.0,87.1,8.1
1821,2015-09,79.2,70.2,0.0,4.7,0.0,86.6,12.2
1822,2015-09,82.2,59.4,0.0,4.3,0.0,92.3,7.2
1823,2015-09,77.2,69.6,0.0,7.2,0.0,81.6,13.3
1824,2015-09,71.6,65.5,0.0,4.9,0.0,78.9,9.1
1825,2015-09,72.9,63.6,0.0,4.3,0.0,82.1,10.4
1826,2015-09,78.7,63.6,0.0,5.6,0.0,88.8,10.6
1827,2015-09,82.8,60.8,0.0,6.2,0.0,93.7,12.4
1828,2015-09,79.7,76.8,0.0,6.3,0.04,87.6,12.4
1829,2015-09,72.4,92.7,0.0,5.3,1.05,75.7,8.1
1830,2015-09,72.3,73.4,0.0,5.4,0.0,80.1,11.2
1831,2015-09,71.9,82.8,0.0,6.0,0.12,76.7,12.6
1832,2015-09,69.4,72.0,0.0,6.0,0.0,77.4,10.4
1833,2015-09,66.1,55.0,0.0,7.6,0.0,74.3,13.4
1834,2015-09,71.8,50.6,0.0,3.3,0.0,82.8,6.1
1835,2015-09,74.8,56.6,0.0,3.3,0.0,86.2,7.8
1836,2015-09,75.7,55.8,0.0,4.2,0.0,86.5,10.2
1837,2015-09,74.4,59.8,0.0,3.9,0.0,83.4,8.9
1838,2015-09,73.3,77.0,0.0,5.8,0.0,79.7,11.0
1839,2015-09,70.6,56.4,0.0,8.1,0.0,76.0,11.3
1840,2015-09,64.5,50.7,0.0,6.7,0.0,69.9,10.8
1841,2015-09,65.1,61.6,0.0,5.7,0.0,69.3,9.6
1842,2015-09,66.7,61.3,0.0,4.0,0.0,78.3,6.9
1843,2015-09,69.1,59.3,0.0,5.2,0.0,79.2,9.1
1844,2015-09,67.1,62.7,0.0,5.7,0.0,71.7,9.4
1845,2015-09,64.2,62.0,0.0,6.3,0.0,68.8,11.0
1846,2015-09,62.9,72.8,0.0,4.1,0.0,69.0,6.7
1847,2015-09,69.9,82.3,0.0,3.4,0.0,77.4,7.3
1848,2015-09,74.1,86.2,0.0,4.8,0.16,80.1,10.0
1849,2015-09,69.3,85.2,0.0,9.9,0.95,77.7,15.2
1850,2015-09,69.3,85.2,0.0,9.9,0.95,77.7,15.2
1851,2015-10,56.7,79.0,0.0,8.6,0.05,62.5,11.5
1852,2015-10,49.9,87.2,0.0,10.9,0.94,54.6,14.6
1853,2015-10,50.2,88.2,0.0,11.7,0.18,53.2,13.6
1854,2015-10,55.2,67.8,0.0,9.5,0.0,61.0,12.2
1855,2015-10,56.4,71.3,0.0,5.9,0.0,63.9,8.5
1856,2015-10,61.5,64.2,0.0,3.9,0.0,72.4,5.8
1857,2015-10,63.2,67.0,0.0,3.8,0.0,72.2,7.2
1858,2015-10,62.3,72.1,0.0,3.5,0.0,69.0,7.5
1859,2015-10,65.6,82.6,0.0,5.8,0.45,77.2,10.4
1860,2015-10,56.6,59.1,0.0,4.1,0.0,63.7,9.7
1861,2015-10,58.8,63.5,0.0,3.9,0.0,69.1,6.8
1862,2015-10,62.9,66.1,0.0,4.1,0.0,74.7,9.7
1863,2015-10,65.4,74.3,0.0,4.5,0.0,70.9,9.0
1864,2015-10,61.1,60.3,0.0,5.7,0.0,66.9,8.5
1865,2015-10,56.5,57.3,0.0,5.0,0.0,63.2,7.2
1866,2015-10,56.3,57.3,0.0,6.2,0.0,61.7,10.9
1867,2015-10,47.9,51.9,0.0,7.1,0.0,53.3,11.8
1868,2015-10,41.0,53.5,0.0,6.1,0.0,47.6,11.1
1869,2015-10,43.3,54.8,0.0,4.7,0.0,51.4,8.4
1870,2015-10,57.9,49.8,0.0,7.0,0.0,69.6,9.9
1871,2015-10,63.0,57.9,0.0,3.6,0.0,74.2,7.3
1872,2015-10,64.7,58.9,0.0,5.5,0.0,74.2,9.1
1873,2015-10,53.7,49.3,0.0,7.3,0.0,61.1,10.5
1874,2015-10,49.3,70.3,0.0,4.5,0.0,56.7,7.0
1875,2015-10,57.7,70.1,0.0,6.8,0.0,67.1,11.2
1876,2015-10,50.3,57.2,0.0,3.7,0.0,57.8,7.6
1877,2015-10,50.6,68.6,0.0,4.0,0.0,57.4,6.1
1878,2015-10,59.5,91.3,0.0,11.0,1.19,67.3,18.2
1879,2015-10,64.1,62.0,0.0,9.1,0.05,70.7,13.3
1880,2015-10,52.5,47.6,0.0,7.4,0.0,58.5,10.1
1881,2015-10,48.2,62.2,0.0,3.6,0.0,53.8,5.9
